rec_id_1,rec_id_2
rec-0-dup-0,rec-0-org
rec-1-dup-0,rec-1-org
rec-2-dup-0,rec-2-org
rec-3-dup-0,rec-3-org
rec-4-dup-0,rec-4-org
rec-5-dup-0,rec-5-org
rec-6-dup-0,rec-6-org
rec-7-dup-0,rec-7-org
rec-8-dup-0,rec-8-org
rec-9-dup-0,rec-9-org
rec-10-dup-0,rec-10-org
rec-11-dup-0,rec-11-org
rec-12-dup-0,rec-12-org
rec-13-dup-0,rec-13-org
rec-14-dup-0,rec-14-org
rec-15-dup-0,rec-15-org
rec-16-dup-0,rec-16-org
rec-17-dup-0,rec-17-org
rec-18-dup-0,rec-18-org
rec-19-dup-0,rec-19-org
rec-20-dup-0,rec-20-org
rec-21-dup-0,rec-21-org
rec-22-dup-0,rec-22-org
rec-23-dup-0,rec-23-org
rec-24-dup-0,rec-24-org
rec-25-dup-0,rec-25-org
rec-26-dup-0,rec-26-org
rec-27-dup-0,rec-27-org
rec-28-dup-0,rec-28-org
rec-29-dup-0,rec-29-org
rec-30-dup-0,rec-30-org
rec-31-dup-0,rec-31-org
rec-32-dup-0,rec-32-org
rec-33-dup-0,rec-33-org
rec-34-dup-0,rec-34-org
rec-35-dup-0,rec-35-org
rec-36-dup-0,rec-36-org
rec-37-dup-0,rec-37-org
rec-38-dup-0,rec-38-org
rec-39-dup-0,rec-39-org
rec-40-dup-0,rec-40-org
rec-41-dup-0,rec-41-org
rec-42-dup-0,rec-42-org
rec-43-dup-0,rec-43-org
rec-44-dup-0,rec-44-org
rec-45-dup-0,rec-45-org
rec-46-dup-0,rec-46-org
rec-47-dup-0,rec-47-org
rec-48-dup-0,rec-48-org
rec-49-dup-0,rec-49-org
rec-50-dup-0,rec-50-org
rec-51-dup-0,rec-51-org
rec-52-dup-0,rec-52-org
rec-53-dup-0,rec-53-org
rec-54-dup-0,rec-54-org
rec-55-dup-0,rec-55-org
rec-56-dup-0,rec-56-org
rec-57-dup-0,rec-57-org
rec-58-dup-0,rec-58-org
rec-59-dup-0,rec-59-org
rec-60-dup-0,rec-60-org
rec-61-dup-0,rec-61-org
rec-62-dup-0,rec-62-org
rec-63-dup-0,rec-63-org
rec-64-dup-0,rec-64-org
rec-65-dup-0,rec-65-org
rec-66-dup-0,rec-66-org
rec-67-dup-0,rec-67-org
rec-68-dup-0,rec-68-org
rec-69-dup-0,rec-69-org
rec-70-dup-0,rec-70-org
rec-71-dup-0,rec-71-org
rec-72-dup-0,rec-72-org
rec-73-dup-0,rec-73-org
rec-74-dup-0,rec-74-org
rec-75-dup-0,rec-75-org
rec-76-dup-0,rec-76-org
rec-77-dup-0,rec-77-org
rec-78-dup-0,rec-78-org
rec-79-dup-0,rec-79-org
rec-80-dup-0,rec-80-org
rec-81-dup-0,rec-81-org
rec-82-dup-0,rec-82-org
rec-83-dup-0,rec-83-org
rec-84-dup-0,rec-84-org
rec-85-dup-0,rec-85-org
rec-86-dup-0,rec-86-org
rec-87-dup-0,rec-87-org
rec-88-dup-0,rec-88-org
rec-89-dup-0,rec-89-org
rec-90-dup-0,rec-90-org
rec-91-dup-0,rec-91-org
rec-92-dup-0,rec-92-org
rec-93-dup-0,rec-93-org
rec-94-dup-0,rec-94-org
rec-95-dup-0,rec-95-org
rec-96-dup-0,rec-96-org
rec-97-dup-0,rec-97-org
rec-98-dup-0,rec-98-org
rec-99-dup-0,rec-99-org
rec-100-dup-0,rec-100-org
rec-101-dup-0,rec-101-org
rec-102-dup-0,rec-102-org
rec-103-dup-0,rec-103-org
rec-104-dup-0,rec-104-org
rec-105-dup-0,rec-105-org
rec-106-dup-0,rec-106-org
rec-107-dup-0,rec-107-org
rec-108-dup-0,rec-108-org
rec-109-dup-0,rec-109-org
rec-110-dup-0,rec-110-org
rec-111-dup-0,rec-111-org
rec-112-dup-0,rec-112-org
rec-113-dup-0,rec-113-org
rec-114-dup-0,rec-114-org
rec-115-dup-0,rec-115-org
rec-116-dup-0,rec-116-org
rec-117-dup-0,rec-117-org
rec-118-dup-0,rec-118-org
rec-119-dup-0,rec-119-org
rec-120-dup-0,rec-120-org
rec-121-dup-0,rec-121-org
rec-122-dup-0,rec-122-org
rec-123-dup-0,rec-123-org
rec-124-dup-0,rec-124-org
rec-125-dup-0,rec-125-org
rec-126-dup-0,rec-126-org
rec-127-dup-0,rec-127-org
rec-128-dup-0,rec-128-org
rec-129-dup-0,rec-129-org
rec-130-dup-0,rec-130-org
rec-131-dup-0,rec-131-org
rec-132-dup-0,rec-132-org
rec-133-dup-0,rec-133-org
rec-134-dup-0,rec-134-org
rec-135-dup-0,rec-135-org
rec-136-dup-0,rec-136-org
rec-137-dup-0,rec-137-org
rec-138-dup-0,rec-138-org
rec-139-dup-0,rec-139-org
rec-140-dup-0,rec-140-org
rec-141-dup-0,rec-141-org
rec-142-dup-0,rec-142-org
rec-143-dup-0,rec-143-org
rec-144-dup-0,rec-144-org
rec-145-dup-0,rec-145-org
rec-146-dup-0,rec-146-org
rec-147-dup-0,rec-147-org
rec-148-dup-0,rec-148-org
rec-149-dup-0,rec-149-org
rec-150-dup-0,rec-150-org
rec-151-dup-0,rec-151-org
rec-152-dup-0,rec-152-org
rec-153-dup-0,rec-153-org
rec-154-dup-0,rec-154-org
rec-155-dup-0,rec-155-org
rec-156-dup-0,rec-156-org
rec-157-dup-0,rec-157-org
rec-158-dup-0,rec-158-org
rec-159-dup-0,rec-159-org
rec-160-dup-0,rec-160-org
rec-161-dup-0,rec-161-org
rec-162-dup-0,rec-162-org
rec-163-dup-0,rec-163-org
rec-164-dup-0,rec-164-org
rec-165-dup-0,rec-165-org
rec-166-dup-0,rec-166-org
rec-167-dup-0,rec-167-org
rec-168-dup-0,rec-168-org
rec-169-dup-0,rec-169-org
rec-170-dup-0,rec-170-org
rec-171-dup-0,rec-171-org
rec-172-dup-0,rec-172-org
rec-173-dup-0,rec-173-org
rec-174-dup-0,rec-174-org
rec-175-dup-0,rec-175-org
rec-176-dup-0,rec-176-org
rec-177-dup-0,rec-177-org
rec-178-dup-0,rec-178-org
rec-179-dup-0,rec-179-org
rec-180-dup-0,rec-180-org
rec-181-dup-0,rec-181-org
rec-182-dup-0,rec-182-org
rec-183-dup-0,rec-183-org
rec-184-dup-0,rec-184-org
rec-185-dup-0,rec-185-org
rec-186-dup-0,rec-186-org
rec-187-dup-0,rec-187-org
rec-188-dup-0,rec-188-org
rec-189-dup-0,rec-189-org
rec-190-dup-0,rec-190-org
rec-191-dup-0,rec-191-org
rec-192-dup-0,rec-192-org
rec-193-dup-0,rec-193-org
rec-194-dup-0,rec-194-org
rec-195-dup-0,rec-195-org
rec-196-dup-0,rec-196-org
rec-197-dup-0,rec-197-org
rec-198-dup-0,rec-198-org
rec-199-dup-0,rec-199-org
rec-200-dup-0,rec-200-org
rec-201-dup-0,rec-201-org
rec-202-dup-0,rec-202-org
rec-203-dup-0,rec-203-org
rec-204-dup-0,rec-204-org
rec-205-dup-0,rec-205-org
rec-206-dup-0,rec-206-org
rec-207-dup-0,rec-207-org
rec-208-dup-0,rec-208-org
rec-209-dup-0,rec-209-org
rec-210-dup-0,rec-210-org
rec-211-dup-0,rec-211-org
rec-212-dup-0,rec-212-org
rec-213-dup-0,rec-213-org
rec-214-dup-0,rec-214-org
rec-215-dup-0,rec-215-org
rec-216-dup-0,rec-216-org
rec-217-dup-0,rec-217-org
rec-218-dup-0,rec-218-org
rec-219-dup-0,rec-219-org
rec-220-dup-0,rec-220-org
rec-221-dup-0,rec-221-org
rec-222-dup-0,rec-222-org
rec-223-dup-0,rec-223-org
rec-224-dup-0,rec-224-org
rec-225-dup-0,rec-225-org
rec-226-dup-0,rec-226-org
rec-227-dup-0,rec-227-org
rec-228-dup-0,rec-228-org
rec-229-dup-0,rec-229-org
rec-230-dup-0,rec-230-org
rec-231-dup-0,rec-231-org
rec-232-dup-0,rec-232-org
rec-233-dup-0,rec-233-org
rec-234-dup-0,rec-234-org
rec-235-dup-0,rec-235-org
rec-236-dup-0,rec-236-org
rec-237-dup-0,rec-237-org
rec-238-dup-0,rec-238-org
rec-239-dup-0,rec-239-org
rec-240-dup-0,rec-240-org
rec-241-dup-0,rec-241-org
rec-242-dup-0,rec-242-org
rec-243-dup-0,rec-243-org
rec-244-dup-0,rec-244-org
rec-245-dup-0,rec-245-org
rec-246-dup-0,rec-246-org
rec-247-dup-0,rec-247-org
rec-248-dup-0,rec-248-org
rec-249-dup-0,rec-249-org
rec-250-dup-0,rec-250-org
rec-251-dup-0,rec-251-org
rec-252-dup-0,rec-252-org
rec-253-dup-0,rec-253-org
rec-254-dup-0,rec-254-org
rec-255-dup-0,rec-255-org
rec-256-dup-0,rec-256-org
rec-257-dup-0,rec-257-org
rec-258-dup-0,rec-258-org
rec-259-dup-0,rec-259-org
rec-260-dup-0,rec-260-org
rec-261-dup-0,rec-261-org
rec-262-dup-0,rec-262-org
rec-263-dup-0,rec-263-org
rec-264-dup-0,rec-264-org
rec-265-dup-0,rec-265-org
rec-266-dup-0,rec-266-org
rec-267-dup-0,rec-267-org
rec-268-dup-0,rec-268-org
rec-269-dup-0,rec-269-org
rec-270-dup-0,rec-270-org
rec-271-dup-0,rec-271-org
rec-272-dup-0,rec-272-org
rec-273-dup-0,rec-273-org
rec-274-dup-0,rec-274-org
rec-275-dup-0,rec-275-org
rec-276-dup-0,rec-276-org
rec-277-dup-0,rec-277-org
rec-278-dup-0,rec-278-org
rec-279-dup-0,rec-279-org
rec-280-dup-0,rec-280-org
rec-281-dup-0,rec-281-org
rec-282-dup-0,rec-282-org
rec-283-dup-0,rec-283-org
rec-284-dup-0,rec-284-org
rec-285-dup-0,rec-285-org
rec-286-dup-0,rec-286-org
rec-287-dup-0,rec-287-org
rec-288-dup-0,rec-288-org
rec-289-dup-0,rec-289-org
rec-290-dup-0,rec-290-org
rec-291-dup-0,rec-291-org
rec-292-dup-0,rec-292-org
rec-293-dup-0,rec-293-org
rec-294-dup-0,rec-294-org
rec-295-dup-0,rec-295-org
rec-296-dup-0,rec-296-org
rec-297-dup-0,rec-297-org
rec-298-dup-0,rec-298-org
rec-299-dup-0,rec-299-org
rec-300-dup-0,rec-300-org
rec-301-dup-0,rec-301-org
rec-302-dup-0,rec-302-org
rec-303-dup-0,rec-303-org
rec-304-dup-0,rec-304-org
rec-305-dup-0,rec-305-org
rec-306-dup-0,rec-306-org
rec-307-dup-0,rec-307-org
rec-308-dup-0,rec-308-org
rec-309-dup-0,rec-309-org
rec-310-dup-0,rec-310-org
rec-311-dup-0,rec-311-org
rec-312-dup-0,rec-312-org
rec-313-dup-0,rec-313-org
rec-314-dup-0,rec-314-org
rec-315-dup-0,rec-315-org
rec-316-dup-0,rec-316-org
rec-317-dup-0,rec-317-org
rec-318-dup-0,rec-318-org
rec-319-dup-0,rec-319-org
rec-320-dup-0,rec-320-org
rec-321-dup-0,rec-321-org
rec-322-dup-0,rec-322-org
rec-323-dup-0,rec-323-org
rec-324-dup-0,rec-324-org
rec-325-dup-0,rec-325-org
rec-326-dup-0,rec-326-org
rec-327-dup-0,rec-327-org
rec-328-dup-0,rec-328-org
rec-329-dup-0,rec-329-org
rec-330-dup-0,rec-330-org
rec-331-dup-0,rec-331-org
rec-332-dup-0,rec-332-org
rec-333-dup-0,rec-333-org
rec-334-dup-0,rec-334-org
rec-335-dup-0,rec-335-org
rec-336-dup-0,rec-336-org
rec-337-dup-0,rec-337-org
rec-338-dup-0,rec-338-org
rec-339-dup-0,rec-339-org
rec-340-dup-0,rec-340-org
rec-341-dup-0,rec-341-org
rec-342-dup-0,rec-342-org
rec-343-dup-0,rec-343-org
rec-344-dup-0,rec-344-org
rec-345-dup-0,rec-345-org
rec-346-dup-0,rec-346-org
rec-347-dup-0,rec-347-org
rec-348-dup-0,rec-348-org
rec-349-dup-0,rec-349-org
rec-350-dup-0,rec-350-org
rec-351-dup-0,rec-351-org
rec-352-dup-0,rec-352-org
rec-353-dup-0,rec-353-org
rec-354-dup-0,rec-354-org
rec-355-dup-0,rec-355-org
rec-356-dup-0,rec-356-org
rec-357-dup-0,rec-357-org
rec-358-dup-0,rec-358-org
rec-359-dup-0,rec-359-org
rec-360-dup-0,rec-360-org
rec-361-dup-0,rec-361-org
rec-362-dup-0,rec-362-org
rec-363-dup-0,rec-363-org
rec-364-dup-0,rec-364-org
rec-365-dup-0,rec-365-org
rec-366-dup-0,rec-366-org
rec-367-dup-0,rec-367-org
rec-368-dup-0,rec-368-org
rec-369-dup-0,rec-369-org
rec-370-dup-0,rec-370-org
rec-371-dup-0,rec-371-org
rec-372-dup-0,rec-372-org
rec-373-dup-0,rec-373-org
rec-374-dup-0,rec-374-org
rec-375-dup-0,rec-375-org
rec-376-dup-0,rec-376-org
rec-377-dup-0,rec-377-org
rec-378-dup-0,rec-378-org
rec-379-dup-0,rec-379-org
rec-380-dup-0,rec-380-org
rec-381-dup-0,rec-381-org
rec-382-dup-0,rec-382-org
rec-383-dup-0,rec-383-org
rec-384-dup-0,rec-384-org
rec-385-dup-0,rec-385-org
rec-386-dup-0,rec-386-org
rec-387-dup-0,rec-387-org
rec-388-dup-0,rec-388-org
rec-389-dup-0,rec-389-org
rec-390-dup-0,rec-390-org
rec-391-dup-0,rec-391-org
rec-392-dup-0,rec-392-org
rec-393-dup-0,rec-393-org
rec-394-dup-0,rec-394-org
rec-395-dup-0,rec-395-org
rec-396-dup-0,rec-396-org
rec-397-dup-0,rec-397-org
rec-398-dup-0,rec-398-org
rec-399-dup-0,rec-399-org
rec-400-dup-0,rec-400-org
rec-401-dup-0,rec-401-org
rec-402-dup-0,rec-402-org
rec-403-dup-0,rec-403-org
rec-404-dup-0,rec-404-org
rec-405-dup-0,rec-405-org
rec-406-dup-0,rec-406-org
rec-407-dup-0,rec-407-org
rec-408-dup-0,rec-408-org
rec-409-dup-0,rec-409-org
rec-410-dup-0,rec-410-org
rec-411-dup-0,rec-411-org
rec-412-dup-0,rec-412-org
rec-413-dup-0,rec-413-org
rec-414-dup-0,rec-414-org
rec-415-dup-0,rec-415-org
rec-416-dup-0,rec-416-org
rec-417-dup-0,rec-417-org
rec-418-dup-0,rec-418-org
rec-419-dup-0,rec-419-org
rec-420-dup-0,rec-420-org
rec-421-dup-0,rec-421-org
rec-422-dup-0,rec-422-org
rec-423-dup-0,rec-423-org
rec-424-dup-0,rec-424-org
rec-425-dup-0,rec-425-org
rec-426-dup-0,rec-426-org
rec-427-dup-0,rec-427-org
rec-428-dup-0,rec-428-org
rec-429-dup-0,rec-429-org
rec-430-dup-0,rec-430-org
rec-431-dup-0,rec-431-org
rec-432-dup-0,rec-432-org
rec-433-dup-0,rec-433-org
rec-434-dup-0,rec-434-org
rec-435-dup-0,rec-435-org
rec-436-dup-0,rec-436-org
rec-437-dup-0,rec-437-org
rec-438-dup-0,rec-438-org
rec-439-dup-0,rec-439-org
rec-440-dup-0,rec-440-org
rec-441-dup-0,rec-441-org
rec-442-dup-0,rec-442-org
rec-443-dup-0,rec-443-org
rec-444-dup-0,rec-444-org
rec-445-dup-0,rec-445-org
rec-446-dup-0,rec-446-org
rec-447-dup-0,rec-447-org
rec-448-dup-0,rec-448-org
rec-449-dup-0,rec-449-org
rec-450-dup-0,rec-450-org
rec-451-dup-0,rec-451-org
rec-452-dup-0,rec-452-org
rec-453-dup-0,rec-453-org
rec-454-dup-0,rec-454-org
rec-455-dup-0,rec-455-org
rec-456-dup-0,rec-456-org
rec-457-dup-0,rec-457-org
rec-458-dup-0,rec-458-org
rec-459-dup-0,rec-459-org
rec-460-dup-0,rec-460-org
rec-461-dup-0,rec-461-org
rec-462-dup-0,rec-462-org
rec-463-dup-0,rec-463-org
rec-464-dup-0,rec-464-org
rec-465-dup-0,rec-465-org
rec-466-dup-0,rec-466-org
rec-467-dup-0,rec-467-org
rec-468-dup-0,rec-468-org
rec-469-dup-0,rec-469-org
rec-470-dup-0,rec-470-org
rec-471-dup-0,rec-471-org
rec-472-dup-0,rec-472-org
rec-473-dup-0,rec-473-org
rec-474-dup-0,rec-474-org
rec-475-dup-0,rec-475-org
rec-476-dup-0,rec-476-org
rec-477-dup-0,rec-477-org
rec-478-dup-0,rec-478-org
rec-479-dup-0,rec-479-org
rec-480-dup-0,rec-480-org
rec-481-dup-0,rec-481-org
rec-482-dup-0,rec-482-org
rec-483-dup-0,rec-483-org
rec-484-dup-0,rec-484-org
rec-485-dup-0,rec-485-org
rec-486-dup-0,rec-486-org
rec-487-dup-0,rec-487-org
rec-488-dup-0,rec-488-org
rec-489-dup-0,rec-489-org
rec-490-dup-0,rec-490-org
rec-491-dup-0,rec-491-org
rec-492-dup-0,rec-492-org
rec-493-dup-0,rec-493-org
rec-494-dup-0,rec-494-org
rec-495-dup-0,rec-495-org
rec-496-dup-0,rec-496-org
rec-497-dup-0,rec-497-org
rec-498-dup-0,rec-498-org
rec-499-dup-0,rec-499-org
rec-500-dup-0,rec-500-org
rec-501-dup-0,rec-501-org
rec-502-dup-0,rec-502-org
rec-503-dup-0,rec-503-org
rec-504-dup-0,rec-504-org
rec-505-dup-0,rec-505-org
rec-506-dup-0,rec-506-org
rec-507-dup-0,rec-507-org
rec-508-dup-0,rec-508-org
rec-509-dup-0,rec-509-org
rec-510-dup-0,rec-510-org
rec-511-dup-0,rec-511-org
rec-512-dup-0,rec-512-org
rec-513-dup-0,rec-513-org
rec-514-dup-0,rec-514-org
rec-515-dup-0,rec-515-org
rec-516-dup-0,rec-516-org
rec-517-dup-0,rec-517-org
rec-518-dup-0,rec-518-org
rec-519-dup-0,rec-519-org
rec-520-dup-0,rec-520-org
rec-521-dup-0,rec-521-org
rec-522-dup-0,rec-522-org
rec-523-dup-0,rec-523-org
rec-524-dup-0,rec-524-org
rec-525-dup-0,rec-525-org
rec-526-dup-0,rec-526-org
rec-527-dup-0,rec-527-org
rec-528-dup-0,rec-528-org
rec-529-dup-0,rec-529-org
rec-530-dup-0,rec-530-org
rec-531-dup-0,rec-531-org
rec-532-dup-0,rec-532-org
rec-533-dup-0,rec-533-org
rec-534-dup-0,rec-534-org
rec-535-dup-0,rec-535-org
rec-536-dup-0,rec-536-org
rec-537-dup-0,rec-537-org
rec-538-dup-0,rec-538-org
rec-539-dup-0,rec-539-org
rec-540-dup-0,rec-540-org
rec-541-dup-0,rec-541-org
rec-542-dup-0,rec-542-org
rec-543-dup-0,rec-543-org
rec-544-dup-0,rec-544-org
rec-545-dup-0,rec-545-org
rec-546-dup-0,rec-546-org
rec-547-dup-0,rec-547-org
rec-548-dup-0,rec-548-org
rec-549-dup-0,rec-549-org
rec-550-dup-0,rec-550-org
rec-551-dup-0,rec-551-org
rec-552-dup-0,rec-552-org
rec-553-dup-0,rec-553-org
rec-554-dup-0,rec-554-org
rec-555-dup-0,rec-555-org
rec-556-dup-0,rec-556-org
rec-557-dup-0,rec-557-org
rec-558-dup-0,rec-558-org
rec-559-dup-0,rec-559-org
rec-560-dup-0,rec-560-org
rec-561-dup-0,rec-561-org
rec-562-dup-0,rec-562-org
rec-563-dup-0,rec-563-org
rec-564-dup-0,rec-564-org
rec-565-dup-0,rec-565-org
rec-566-dup-0,rec-566-org
rec-567-dup-0,rec-567-org
rec-568-dup-0,rec-568-org
rec-569-dup-0,rec-569-org
rec-570-dup-0,rec-570-org
rec-571-dup-0,rec-571-org
rec-572-dup-0,rec-572-org
rec-573-dup-0,rec-573-org
rec-574-dup-0,rec-574-org
rec-575-dup-0,rec-575-org
rec-576-dup-0,rec-576-org
rec-577-dup-0,rec-577-org
rec-578-dup-0,rec-578-org
rec-579-dup-0,rec-579-org
rec-580-dup-0,rec-580-org
rec-581-dup-0,rec-581-org
rec-582-dup-0,rec-582-org
rec-583-dup-0,rec-583-org
rec-584-dup-0,rec-584-org
rec-585-dup-0,rec-585-org
rec-586-dup-0,rec-586-org
rec-587-dup-0,rec-587-org
rec-588-dup-0,rec-588-org
rec-589-dup-0,rec-589-org
rec-590-dup-0,rec-590-org
rec-591-dup-0,rec-591-org
rec-592-dup-0,rec-592-org
rec-593-dup-0,rec-593-org
rec-594-dup-0,rec-594-org
rec-595-dup-0,rec-595-org
rec-596-dup-0,rec-596-org
rec-597-dup-0,rec-597-org
rec-598-dup-0,rec-598-org
rec-599-dup-0,rec-599-org
rec-600-dup-0,rec-600-org
rec-601-dup-0,rec-601-org
rec-602-dup-0,rec-602-org
rec-603-dup-0,rec-603-org
rec-604-dup-0,rec-604-org
rec-605-dup-0,rec-605-org
rec-606-dup-0,rec-606-org
rec-607-dup-0,rec-607-org
rec-608-dup-0,rec-608-org
rec-609-dup-0,rec-609-org
rec-610-dup-0,rec-610-org
rec-611-dup-0,rec-611-org
rec-612-dup-0,rec-612-org
rec-613-dup-0,rec-613-org
rec-614-dup-0,rec-614-org
rec-615-dup-0,rec-615-org
rec-616-dup-0,rec-616-org
rec-617-dup-0,rec-617-org
rec-618-dup-0,rec-618-org
rec-619-dup-0,rec-619-org
rec-620-dup-0,rec-620-org
rec-621-dup-0,rec-621-org
rec-622-dup-0,rec-622-org
rec-623-dup-0,rec-623-org
rec-624-dup-0,rec-624-org
rec-625-dup-0,rec-625-org
rec-626-dup-0,rec-626-org
rec-627-dup-0,rec-627-org
rec-628-dup-0,rec-628-org
rec-629-dup-0,rec-629-org
rec-630-dup-0,rec-630-org
rec-631-dup-0,rec-631-org
rec-632-dup-0,rec-632-org
rec-633-dup-0,rec-633-org
rec-634-dup-0,rec-634-org
rec-635-dup-0,rec-635-org
rec-636-dup-0,rec-636-org
rec-637-dup-0,rec-637-org
rec-638-dup-0,rec-638-org
rec-639-dup-0,rec-639-org
rec-640-dup-0,rec-640-org
rec-641-dup-0,rec-641-org
rec-642-dup-0,rec-642-org
rec-643-dup-0,rec-643-org
rec-644-dup-0,rec-644-org
rec-645-dup-0,rec-645-org
rec-646-dup-0,rec-646-org
rec-647-dup-0,rec-647-org
rec-648-dup-0,rec-648-org
rec-649-dup-0,rec-649-org
rec-650-dup-0,rec-650-org
rec-651-dup-0,rec-651-org
rec-652-dup-0,rec-652-org
rec-653-dup-0,rec-653-org
rec-654-dup-0,rec-654-org
rec-655-dup-0,rec-655-org
rec-656-dup-0,rec-656-org
rec-657-dup-0,rec-657-org
rec-658-dup-0,rec-658-org
rec-659-dup-0,rec-659-org
rec-660-dup-0,rec-660-org
rec-661-dup-0,rec-661-org
rec-662-dup-0,rec-662-org
rec-663-dup-0,rec-663-org
rec-664-dup-0,rec-664-org
rec-665-dup-0,rec-665-org
rec-666-dup-0,rec-666-org
rec-667-dup-0,rec-667-org
rec-668-dup-0,rec-668-org
rec-669-dup-0,rec-669-org
rec-670-dup-0,rec-670-org
rec-671-dup-0,rec-671-org
rec-672-dup-0,rec-672-org
rec-673-dup-0,rec-673-org
rec-674-dup-0,rec-674-org
rec-675-dup-0,rec-675-org
rec-676-dup-0,rec-676-org
rec-677-dup-0,rec-677-org
rec-678-dup-0,rec-678-org
rec-679-dup-0,rec-679-org
rec-680-dup-0,rec-680-org
rec-681-dup-0,rec-681-org
rec-682-dup-0,rec-682-org
rec-683-dup-0,rec-683-org
rec-684-dup-0,rec-684-org
rec-685-dup-0,rec-685-org
rec-686-dup-0,rec-686-org
rec-687-dup-0,rec-687-org
rec-688-dup-0,rec-688-org
rec-689-dup-0,rec-689-org
rec-690-dup-0,rec-690-org
rec-691-dup-0,rec-691-org
rec-692-dup-0,rec-692-org
rec-693-dup-0,rec-693-org
rec-694-dup-0,rec-694-org
rec-695-dup-0,rec-695-org
rec-696-dup-0,rec-696-org
rec-697-dup-0,rec-697-org
rec-698-dup-0,rec-698-org
rec-699-dup-0,rec-699-org
rec-700-dup-0,rec-700-org
rec-701-dup-0,rec-701-org
rec-702-dup-0,rec-702-org
rec-703-dup-0,rec-703-org
rec-704-dup-0,rec-704-org
rec-705-dup-0,rec-705-org
rec-706-dup-0,rec-706-org
rec-707-dup-0,rec-707-org
rec-708-dup-0,rec-708-org
rec-709-dup-0,rec-709-org
rec-710-dup-0,rec-710-org
rec-711-dup-0,rec-711-org
rec-712-dup-0,rec-712-org
rec-713-dup-0,rec-713-org
rec-714-dup-0,rec-714-org
rec-715-dup-0,rec-715-org
rec-716-dup-0,rec-716-org
rec-717-dup-0,rec-717-org
rec-718-dup-0,rec-718-org
rec-719-dup-0,rec-719-org
rec-720-dup-0,rec-720-org
rec-721-dup-0,rec-721-org
rec-722-dup-0,rec-722-org
rec-723-dup-0,rec-723-org
rec-724-dup-0,rec-724-org
rec-725-dup-0,rec-725-org
rec-726-dup-0,rec-726-org
rec-727-dup-0,rec-727-org
rec-728-dup-0,rec-728-org
rec-729-dup-0,rec-729-org
rec-730-dup-0,rec-730-org
rec-731-dup-0,rec-731-org
rec-732-dup-0,rec-732-org
rec-733-dup-0,rec-733-org
rec-734-dup-0,rec-734-org
rec-735-dup-0,rec-735-org
rec-736-dup-0,rec-736-org
rec-737-dup-0,rec-737-org
rec-738-dup-0,rec-738-org
rec-739-dup-0,rec-739-org
rec-740-dup-0,rec-740-org
rec-741-dup-0,rec-741-org
rec-742-dup-0,rec-742-org
rec-743-dup-0,rec-743-org
rec-744-dup-0,rec-744-org
rec-745-dup-0,rec-745-org
rec-746-dup-0,rec-746-org
rec-747-dup-0,rec-747-org
rec-748-dup-0,rec-748-org
rec-749-dup-0,rec-749-org
rec-750-dup-0,rec-750-org
rec-751-dup-0,rec-751-org
rec-752-dup-0,rec-752-org
rec-753-dup-0,rec-753-org
rec-754-dup-0,rec-754-org
rec-755-dup-0,rec-755-org
rec-756-dup-0,rec-756-org
rec-757-dup-0,rec-757-org
rec-758-dup-0,rec-758-org
rec-759-dup-0,rec-759-org
rec-760-dup-0,rec-760-org
rec-761-dup-0,rec-761-org
rec-762-dup-0,rec-762-org
rec-763-dup-0,rec-763-org
rec-764-dup-0,rec-764-org
rec-765-dup-0,rec-765-org
rec-766-dup-0,rec-766-org
rec-767-dup-0,rec-767-org
rec-768-dup-0,rec-768-org
rec-769-dup-0,rec-769-org
rec-770-dup-0,rec-770-org
rec-771-dup-0,rec-771-org
rec-772-dup-0,rec-772-org
rec-773-dup-0,rec-773-org
rec-774-dup-0,rec-774-org
rec-775-dup-0,rec-775-org
rec-776-dup-0,rec-776-org
rec-777-dup-0,rec-777-org
rec-778-dup-0,rec-778-org
rec-779-dup-0,rec-779-org
rec-780-dup-0,rec-780-org
rec-781-dup-0,rec-781-org
rec-782-dup-0,rec-782-org
rec-783-dup-0,rec-783-org
rec-784-dup-0,rec-784-org
rec-785-dup-0,rec-785-org
rec-786-dup-0,rec-786-org
rec-787-dup-0,rec-787-org
rec-788-dup-0,rec-788-org
rec-789-dup-0,rec-789-org
rec-790-dup-0,rec-790-org
rec-791-dup-0,rec-791-org
rec-792-dup-0,rec-792-org
rec-793-dup-0,rec-793-org
rec-794-dup-0,rec-794-org
rec-795-dup-0,rec-795-org
rec-796-dup-0,rec-796-org
rec-797-dup-0,rec-797-org
rec-798-dup-0,rec-798-org
rec-799-dup-0,rec-799-org
rec-800-dup-0,rec-800-org
rec-801-dup-0,rec-801-org
rec-802-dup-0,rec-802-org
rec-803-dup-0,rec-803-org
rec-804-dup-0,rec-804-org
rec-805-dup-0,rec-805-org
rec-806-dup-0,rec-806-org
rec-807-dup-0,rec-807-org
rec-808-dup-0,rec-808-org
rec-809-dup-0,rec-809-org
rec-810-dup-0,rec-810-org
rec-811-dup-0,rec-811-org
rec-812-dup-0,rec-812-org
rec-813-dup-0,rec-813-org
rec-814-dup-0,rec-814-org
rec-815-dup-0,rec-815-org
rec-816-dup-0,rec-816-org
rec-817-dup-0,rec-817-org
rec-818-dup-0,rec-818-org
rec-819-dup-0,rec-819-org
rec-820-dup-0,rec-820-org
rec-821-dup-0,rec-821-org
rec-822-dup-0,rec-822-org
rec-823-dup-0,rec-823-org
rec-824-dup-0,rec-824-org
rec-825-dup-0,rec-825-org
rec-826-dup-0,rec-826-org
rec-827-dup-0,rec-827-org
rec-828-dup-0,rec-828-org
rec-829-dup-0,rec-829-org
rec-830-dup-0,rec-830-org
rec-831-dup-0,rec-831-org
rec-832-dup-0,rec-832-org
rec-833-dup-0,rec-833-org
rec-834-dup-0,rec-834-org
rec-835-dup-0,rec-835-org
rec-836-dup-0,rec-836-org
rec-837-dup-0,rec-837-org
rec-838-dup-0,rec-838-org
rec-839-dup-0,rec-839-org
rec-840-dup-0,rec-840-org
rec-841-dup-0,rec-841-org
rec-842-dup-0,rec-842-org
rec-843-dup-0,rec-843-org
rec-844-dup-0,rec-844-org
rec-845-dup-0,rec-845-org
rec-846-dup-0,rec-846-org
rec-847-dup-0,rec-847-org
rec-848-dup-0,rec-848-org
rec-849-dup-0,rec-849-org
rec-850-dup-0,rec-850-org
rec-851-dup-0,rec-851-org
rec-852-dup-0,rec-852-org
rec-853-dup-0,rec-853-org
rec-854-dup-0,rec-854-org
rec-855-dup-0,rec-855-org
rec-856-dup-0,rec-856-org
rec-857-dup-0,rec-857-org
rec-858-dup-0,rec-858-org
rec-859-dup-0,rec-859-org
rec-860-dup-0,rec-860-org
rec-861-dup-0,rec-861-org
rec-862-dup-0,rec-862-org
rec-863-dup-0,rec-863-org
rec-864-dup-0,rec-864-org
rec-865-dup-0,rec-865-org
rec-866-dup-0,rec-866-org
rec-867-dup-0,rec-867-org
rec-868-dup-0,rec-868-org
rec-869-dup-0,rec-869-org
rec-870-dup-0,rec-870-org
rec-871-dup-0,rec-871-org
rec-872-dup-0,rec-872-org
rec-873-dup-0,rec-873-org
rec-874-dup-0,rec-874-org
rec-875-dup-0,rec-875-org
rec-876-dup-0,rec-876-org
rec-877-dup-0,rec-877-org
rec-878-dup-0,rec-878-org
rec-879-dup-0,rec-879-org
rec-880-dup-0,rec-880-org
rec-881-dup-0,rec-881-org
rec-882-dup-0,rec-882-org
rec-883-dup-0,rec-883-org
rec-884-dup-0,rec-884-org
rec-885-dup-0,rec-885-org
rec-886-dup-0,rec-886-org
rec-887-dup-0,rec-887-org
rec-888-dup-0,rec-888-org
rec-889-dup-0,rec-889-org
rec-890-dup-0,rec-890-org
rec-891-dup-0,rec-891-org
rec-892-dup-0,rec-892-org
rec-893-dup-0,rec-893-org
rec-894-dup-0,rec-894-org
rec-895-dup-0,rec-895-org
rec-896-dup-0,rec-896-org
rec-897-dup-0,rec-897-org
rec-898-dup-0,rec-898-org
rec-899-dup-0,rec-899-org
rec-900-dup-0,rec-900-org
rec-901-dup-0,rec-901-org
rec-902-dup-0,rec-902-org
rec-903-dup-0,rec-903-org
rec-904-dup-0,rec-904-org
rec-905-dup-0,rec-905-org
rec-906-dup-0,rec-906-org
rec-907-dup-0,rec-907-org
rec-908-dup-0,rec-908-org
rec-909-dup-0,rec-909-org
rec-910-dup-0,rec-910-org
rec-911-dup-0,rec-911-org
rec-912-dup-0,rec-912-org
rec-913-dup-0,rec-913-org
rec-914-dup-0,rec-914-org
rec-915-dup-0,rec-915-org
rec-916-dup-0,rec-916-org
rec-917-dup-0,rec-917-org
rec-918-dup-0,rec-918-org
rec-919-dup-0,rec-919-org
rec-920-dup-0,rec-920-org
rec-921-dup-0,rec-921-org
rec-922-dup-0,rec-922-org
rec-923-dup-0,rec-923-org
rec-924-dup-0,rec-924-org
rec-925-dup-0,rec-925-org
rec-926-dup-0,rec-926-org
rec-927-dup-0,rec-927-org
rec-928-dup-0,rec-928-org
rec-929-dup-0,rec-929-org
rec-930-dup-0,rec-930-org
rec-931-dup-0,rec-931-org
rec-932-dup-0,rec-932-org
rec-933-dup-0,rec-933-org
rec-934-dup-0,rec-934-org
rec-935-dup-0,rec-935-org
rec-936-dup-0,rec-936-org
rec-937-dup-0,rec-937-org
rec-938-dup-0,rec-938-org
rec-939-dup-0,rec-939-org
rec-940-dup-0,rec-940-org
rec-941-dup-0,rec-941-org
rec-942-dup-0,rec-942-org
rec-943-dup-0,rec-943-org
rec-944-dup-0,rec-944-org
rec-945-dup-0,rec-945-org
rec-946-dup-0,rec-946-org
rec-947-dup-0,rec-947-org
rec-948-dup-0,rec-948-org
rec-949-dup-0,rec-949-org
rec-950-dup-0,rec-950-org
rec-951-dup-0,rec-951-org
rec-952-dup-0,rec-952-org
rec-953-dup-0,rec-953-org
rec-954-dup-0,rec-954-org
rec-955-dup-0,rec-955-org
rec-956-dup-0,rec-956-org
rec-957-dup-0,rec-957-org
rec-958-dup-0,rec-958-org
rec-959-dup-0,rec-959-org
rec-960-dup-0,rec-960-org
rec-961-dup-0,rec-961-org
rec-962-dup-0,rec-962-org
rec-963-dup-0,rec-963-org
rec-964-dup-0,rec-964-org
rec-965-dup-0,rec-965-org
rec-966-dup-0,rec-966-org
rec-967-dup-0,rec-967-org
rec-968-dup-0,rec-968-org
rec-969-dup-0,rec-969-org
rec-970-dup-0,rec-970-org
rec-971-dup-0,rec-971-org
rec-972-dup-0,rec-972-org
rec-973-dup-0,rec-973-org
rec-974-dup-0,rec-974-org
rec-975-dup-0,rec-975-org
rec-976-dup-0,rec-976-org
rec-977-dup-0,rec-977-org
rec-978-dup-0,rec-978-org
rec-979-dup-0,rec-979-org
rec-980-dup-0,rec-980-org
rec-981-dup-0,rec-981-org
rec-982-dup-0,rec-982-org
rec-983-dup-0,rec-983-org
rec-984-dup-0,rec-984-org
rec-985-dup-0,rec-985-org
rec-986-dup-0,rec-986-org
rec-987-dup-0,rec-987-org
rec-988-dup-0,rec-988-org
rec-989-dup-0,rec-989-org
rec-990-dup-0,rec-990-org
rec-991-dup-0,rec-991-org
rec-992-dup-0,rec-992-org
rec-993-dup-0,rec-993-org
rec-994-dup-0,rec-994-org
rec-995-dup-0,rec-995-org
rec-996-dup-0,rec-996-org
rec-997-dup-0,rec-997-org
rec-998-dup-0,rec-998-org
rec-999-dup-0,rec-999-org
rec-1000-dup-0,rec-1000-org
rec-1001-dup-0,rec-1001-org
rec-1002-dup-0,rec-1002-org
rec-1003-dup-0,rec-1003-org
rec-1004-dup-0,rec-1004-org
rec-1005-dup-0,rec-1005-org
rec-1006-dup-0,rec-1006-org
rec-1007-dup-0,rec-1007-org
rec-1008-dup-0,rec-1008-org
rec-1009-dup-0,rec-1009-org
rec-1010-dup-0,rec-1010-org
rec-1011-dup-0,rec-1011-org
rec-1012-dup-0,rec-1012-org
rec-1013-dup-0,rec-1013-org
rec-1014-dup-0,rec-1014-org
rec-1015-dup-0,rec-1015-org
rec-1016-dup-0,rec-1016-org
rec-1017-dup-0,rec-1017-org
rec-1018-dup-0,rec-1018-org
rec-1019-dup-0,rec-1019-org
rec-1020-dup-0,rec-1020-org
rec-1021-dup-0,rec-1021-org
rec-1022-dup-0,rec-1022-org
rec-1023-dup-0,rec-1023-org
rec-1024-dup-0,rec-1024-org
rec-1025-dup-0,rec-1025-org
rec-1026-dup-0,rec-1026-org
rec-1027-dup-0,rec-1027-org
rec-1028-dup-0,rec-1028-org
rec-1029-dup-0,rec-1029-org
rec-1030-dup-0,rec-1030-org
rec-1031-dup-0,rec-1031-org
rec-1032-dup-0,rec-1032-org
rec-1033-dup-0,rec-1033-org
rec-1034-dup-0,rec-1034-org
rec-1035-dup-0,rec-1035-org
rec-1036-dup-0,rec-1036-org
rec-1037-dup-0,rec-1037-org
rec-1038-dup-0,rec-1038-org
rec-1039-dup-0,rec-1039-org
rec-1040-dup-0,rec-1040-org
rec-1041-dup-0,rec-1041-org
rec-1042-dup-0,rec-1042-org
rec-1043-dup-0,rec-1043-org
rec-1044-dup-0,rec-1044-org
rec-1045-dup-0,rec-1045-org
rec-1046-dup-0,rec-1046-org
rec-1047-dup-0,rec-1047-org
rec-1048-dup-0,rec-1048-org
rec-1049-dup-0,rec-1049-org
rec-1050-dup-0,rec-1050-org
rec-1051-dup-0,rec-1051-org
rec-1052-dup-0,rec-1052-org
rec-1053-dup-0,rec-1053-org
rec-1054-dup-0,rec-1054-org
rec-1055-dup-0,rec-1055-org
rec-1056-dup-0,rec-1056-org
rec-1057-dup-0,rec-1057-org
rec-1058-dup-0,rec-1058-org
rec-1059-dup-0,rec-1059-org
rec-1060-dup-0,rec-1060-org
rec-1061-dup-0,rec-1061-org
rec-1062-dup-0,rec-1062-org
rec-1063-dup-0,rec-1063-org
rec-1064-dup-0,rec-1064-org
rec-1065-dup-0,rec-1065-org
rec-1066-dup-0,rec-1066-org
rec-1067-dup-0,rec-1067-org
rec-1068-dup-0,rec-1068-org
rec-1069-dup-0,rec-1069-org
rec-1070-dup-0,rec-1070-org
rec-1071-dup-0,rec-1071-org
rec-1072-dup-0,rec-1072-org
rec-1073-dup-0,rec-1073-org
rec-1074-dup-0,rec-1074-org
rec-1075-dup-0,rec-1075-org
rec-1076-dup-0,rec-1076-org
rec-1077-dup-0,rec-1077-org
rec-1078-dup-0,rec-1078-org
rec-1079-dup-0,rec-1079-org
rec-1080-dup-0,rec-1080-org
rec-1081-dup-0,rec-1081-org
rec-1082-dup-0,rec-1082-org
rec-1083-dup-0,rec-1083-org
rec-1084-dup-0,rec-1084-org
rec-1085-dup-0,rec-1085-org
rec-1086-dup-0,rec-1086-org
rec-1087-dup-0,rec-1087-org
rec-1088-dup-0,rec-1088-org
rec-1089-dup-0,rec-1089-org
rec-1090-dup-0,rec-1090-org
rec-1091-dup-0,rec-1091-org
rec-1092-dup-0,rec-1092-org
rec-1093-dup-0,rec-1093-org
rec-1094-dup-0,rec-1094-org
rec-1095-dup-0,rec-1095-org
rec-1096-dup-0,rec-1096-org
rec-1097-dup-0,rec-1097-org
rec-1098-dup-0,rec-1098-org
rec-1099-dup-0,rec-1099-org
rec-1100-dup-0,rec-1100-org
rec-1101-dup-0,rec-1101-org
rec-1102-dup-0,rec-1102-org
rec-1103-dup-0,rec-1103-org
rec-1104-dup-0,rec-1104-org
rec-1105-dup-0,rec-1105-org
rec-1106-dup-0,rec-1106-org
rec-1107-dup-0,rec-1107-org
rec-1108-dup-0,rec-1108-org
rec-1109-dup-0,rec-1109-org
rec-1110-dup-0,rec-1110-org
rec-1111-dup-0,rec-1111-org
rec-1112-dup-0,rec-1112-org
rec-1113-dup-0,rec-1113-org
rec-1114-dup-0,rec-1114-org
rec-1115-dup-0,rec-1115-org
rec-1116-dup-0,rec-1116-org
rec-1117-dup-0,rec-1117-org
rec-1118-dup-0,rec-1118-org
rec-1119-dup-0,rec-1119-org
rec-1120-dup-0,rec-1120-org
rec-1121-dup-0,rec-1121-org
rec-1122-dup-0,rec-1122-org
rec-1123-dup-0,rec-1123-org
rec-1124-dup-0,rec-1124-org
rec-1125-dup-0,rec-1125-org
rec-1126-dup-0,rec-1126-org
rec-1127-dup-0,rec-1127-org
rec-1128-dup-0,rec-1128-org
rec-1129-dup-0,rec-1129-org
rec-1130-dup-0,rec-1130-org
rec-1131-dup-0,rec-1131-org
rec-1132-dup-0,rec-1132-org
rec-1133-dup-0,rec-1133-org
rec-1134-dup-0,rec-1134-org
rec-1135-dup-0,rec-1135-org
rec-1136-dup-0,rec-1136-org
rec-1137-dup-0,rec-1137-org
rec-1138-dup-0,rec-1138-org
rec-1139-dup-0,rec-1139-org
rec-1140-dup-0,rec-1140-org
rec-1141-dup-0,rec-1141-org
rec-1142-dup-0,rec-1142-org
rec-1143-dup-0,rec-1143-org
rec-1144-dup-0,rec-1144-org
rec-1145-dup-0,rec-1145-org
rec-1146-dup-0,rec-1146-org
rec-1147-dup-0,rec-1147-org
rec-1148-dup-0,rec-1148-org
rec-1149-dup-0,rec-1149-org
rec-1150-dup-0,rec-1150-org
rec-1151-dup-0,rec-1151-org
rec-1152-dup-0,rec-1152-org
rec-1153-dup-0,rec-1153-org
rec-1154-dup-0,rec-1154-org
rec-1155-dup-0,rec-1155-org
rec-1156-dup-0,rec-1156-org
rec-1157-dup-0,rec-1157-org
rec-1158-dup-0,rec-1158-org
rec-1159-dup-0,rec-1159-org
rec-1160-dup-0,rec-1160-org
rec-1161-dup-0,rec-1161-org
rec-1162-dup-0,rec-1162-org
rec-1163-dup-0,rec-1163-org
rec-1164-dup-0,rec-1164-org
rec-1165-dup-0,rec-1165-org
rec-1166-dup-0,rec-1166-org
rec-1167-dup-0,rec-1167-org
rec-1168-dup-0,rec-1168-org
rec-1169-dup-0,rec-1169-org
rec-1170-dup-0,rec-1170-org
rec-1171-dup-0,rec-1171-org
rec-1172-dup-0,rec-1172-org
rec-1173-dup-0,rec-1173-org
rec-1174-dup-0,rec-1174-org
rec-1175-dup-0,rec-1175-org
rec-1176-dup-0,rec-1176-org
rec-1177-dup-0,rec-1177-org
rec-1178-dup-0,rec-1178-org
rec-1179-dup-0,rec-1179-org
rec-1180-dup-0,rec-1180-org
rec-1181-dup-0,rec-1181-org
rec-1182-dup-0,rec-1182-org
rec-1183-dup-0,rec-1183-org
rec-1184-dup-0,rec-1184-org
rec-1185-dup-0,rec-1185-org
rec-1186-dup-0,rec-1186-org
rec-1187-dup-0,rec-1187-org
rec-1188-dup-0,rec-1188-org
rec-1189-dup-0,rec-1189-org
rec-1190-dup-0,rec-1190-org
rec-1191-dup-0,rec-1191-org
rec-1192-dup-0,rec-1192-org
rec-1193-dup-0,rec-1193-org
rec-1194-dup-0,rec-1194-org
rec-1195-dup-0,rec-1195-org
rec-1196-dup-0,rec-1196-org
rec-1197-dup-0,rec-1197-org
rec-1198-dup-0,rec-1198-org
rec-1199-dup-0,rec-1199-org
rec-1200-dup-0,rec-1200-org
rec-1201-dup-0,rec-1201-org
rec-1202-dup-0,rec-1202-org
rec-1203-dup-0,rec-1203-org
rec-1204-dup-0,rec-1204-org
rec-1205-dup-0,rec-1205-org
rec-1206-dup-0,rec-1206-org
rec-1207-dup-0,rec-1207-org
rec-1208-dup-0,rec-1208-org
rec-1209-dup-0,rec-1209-org
rec-1210-dup-0,rec-1210-org
rec-1211-dup-0,rec-1211-org
rec-1212-dup-0,rec-1212-org
rec-1213-dup-0,rec-1213-org
rec-1214-dup-0,rec-1214-org
rec-1215-dup-0,rec-1215-org
rec-1216-dup-0,rec-1216-org
rec-1217-dup-0,rec-1217-org
rec-1218-dup-0,rec-1218-org
rec-1219-dup-0,rec-1219-org
rec-1220-dup-0,rec-1220-org
rec-1221-dup-0,rec-1221-org
rec-1222-dup-0,rec-1222-org
rec-1223-dup-0,rec-1223-org
rec-1224-dup-0,rec-1224-org
rec-1225-dup-0,rec-1225-org
rec-1226-dup-0,rec-1226-org
rec-1227-dup-0,rec-1227-org
rec-1228-dup-0,rec-1228-org
rec-1229-dup-0,rec-1229-org
rec-1230-dup-0,rec-1230-org
rec-1231-dup-0,rec-1231-org
rec-1232-dup-0,rec-1232-org
rec-1233-dup-0,rec-1233-org
rec-1234-dup-0,rec-1234-org
rec-1235-dup-0,rec-1235-org
rec-1236-dup-0,rec-1236-org
rec-1237-dup-0,rec-1237-org
rec-1238-dup-0,rec-1238-org
rec-1239-dup-0,rec-1239-org
rec-1240-dup-0,rec-1240-org
rec-1241-dup-0,rec-1241-org
rec-1242-dup-0,rec-1242-org
rec-1243-dup-0,rec-1243-org
rec-1244-dup-0,rec-1244-org
rec-1245-dup-0,rec-1245-org
rec-1246-dup-0,rec-1246-org
rec-1247-dup-0,rec-1247-org
rec-1248-dup-0,rec-1248-org
rec-1249-dup-0,rec-1249-org
rec-1250-dup-0,rec-1250-org
rec-1251-dup-0,rec-1251-org
rec-1252-dup-0,rec-1252-org
rec-1253-dup-0,rec-1253-org
rec-1254-dup-0,rec-1254-org
rec-1255-dup-0,rec-1255-org
rec-1256-dup-0,rec-1256-org
rec-1257-dup-0,rec-1257-org
rec-1258-dup-0,rec-1258-org
rec-1259-dup-0,rec-1259-org
rec-1260-dup-0,rec-1260-org
rec-1261-dup-0,rec-1261-org
rec-1262-dup-0,rec-1262-org
rec-1263-dup-0,rec-1263-org
rec-1264-dup-0,rec-1264-org
rec-1265-dup-0,rec-1265-org
rec-1266-dup-0,rec-1266-org
rec-1267-dup-0,rec-1267-org
rec-1268-dup-0,rec-1268-org
rec-1269-dup-0,rec-1269-org
rec-1270-dup-0,rec-1270-org
rec-1271-dup-0,rec-1271-org
rec-1272-dup-0,rec-1272-org
rec-1273-dup-0,rec-1273-org
rec-1274-dup-0,rec-1274-org
rec-1275-dup-0,rec-1275-org
rec-1276-dup-0,rec-1276-org
rec-1277-dup-0,rec-1277-org
rec-1278-dup-0,rec-1278-org
rec-1279-dup-0,rec-1279-org
rec-1280-dup-0,rec-1280-org
rec-1281-dup-0,rec-1281-org
rec-1282-dup-0,rec-1282-org
rec-1283-dup-0,rec-1283-org
rec-1284-dup-0,rec-1284-org
rec-1285-dup-0,rec-1285-org
rec-1286-dup-0,rec-1286-org
rec-1287-dup-0,rec-1287-org
rec-1288-dup-0,rec-1288-org
rec-1289-dup-0,rec-1289-org
rec-1290-dup-0,rec-1290-org
rec-1291-dup-0,rec-1291-org
rec-1292-dup-0,rec-1292-org
rec-1293-dup-0,rec-1293-org
rec-1294-dup-0,rec-1294-org
rec-1295-dup-0,rec-1295-org
rec-1296-dup-0,rec-1296-org
rec-1297-dup-0,rec-1297-org
rec-1298-dup-0,rec-1298-org
rec-1299-dup-0,rec-1299-org
rec-1300-dup-0,rec-1300-org
rec-1301-dup-0,rec-1301-org
rec-1302-dup-0,rec-1302-org
rec-1303-dup-0,rec-1303-org
rec-1304-dup-0,rec-1304-org
rec-1305-dup-0,rec-1305-org
rec-1306-dup-0,rec-1306-org
rec-1307-dup-0,rec-1307-org
rec-1308-dup-0,rec-1308-org
rec-1309-dup-0,rec-1309-org
rec-1310-dup-0,rec-1310-org
rec-1311-dup-0,rec-1311-org
rec-1312-dup-0,rec-1312-org
rec-1313-dup-0,rec-1313-org
rec-1314-dup-0,rec-1314-org
rec-1315-dup-0,rec-1315-org
rec-1316-dup-0,rec-1316-org
rec-1317-dup-0,rec-1317-org
rec-1318-dup-0,rec-1318-org
rec-1319-dup-0,rec-1319-org
rec-1320-dup-0,rec-1320-org
rec-1321-dup-0,rec-1321-org
rec-1322-dup-0,rec-1322-org
rec-1323-dup-0,rec-1323-org
rec-1324-dup-0,rec-1324-org
rec-1325-dup-0,rec-1325-org
rec-1326-dup-0,rec-1326-org
rec-1327-dup-0,rec-1327-org
rec-1328-dup-0,rec-1328-org
rec-1329-dup-0,rec-1329-org
rec-1330-dup-0,rec-1330-org
rec-1331-dup-0,rec-1331-org
rec-1332-dup-0,rec-1332-org
rec-1333-dup-0,rec-1333-org
rec-1334-dup-0,rec-1334-org
rec-1335-dup-0,rec-1335-org
rec-1336-dup-0,rec-1336-org
rec-1337-dup-0,rec-1337-org
rec-1338-dup-0,rec-1338-org
rec-1339-dup-0,rec-1339-org
rec-1340-dup-0,rec-1340-org
rec-1341-dup-0,rec-1341-org
rec-1342-dup-0,rec-1342-org
rec-1343-dup-0,rec-1343-org
rec-1344-dup-0,rec-1344-org
rec-1345-dup-0,rec-1345-org
rec-1346-dup-0,rec-1346-org
rec-1347-dup-0,rec-1347-org
rec-1348-dup-0,rec-1348-org
rec-1349-dup-0,rec-1349-org
rec-1350-dup-0,rec-1350-org
rec-1351-dup-0,rec-1351-org
rec-1352-dup-0,rec-1352-org
rec-1353-dup-0,rec-1353-org
rec-1354-dup-0,rec-1354-org
rec-1355-dup-0,rec-1355-org
rec-1356-dup-0,rec-1356-org
rec-1357-dup-0,rec-1357-org
rec-1358-dup-0,rec-1358-org
rec-1359-dup-0,rec-1359-org
rec-1360-dup-0,rec-1360-org
rec-1361-dup-0,rec-1361-org
rec-1362-dup-0,rec-1362-org
rec-1363-dup-0,rec-1363-org
rec-1364-dup-0,rec-1364-org
rec-1365-dup-0,rec-1365-org
rec-1366-dup-0,rec-1366-org
rec-1367-dup-0,rec-1367-org
rec-1368-dup-0,rec-1368-org
rec-1369-dup-0,rec-1369-org
rec-1370-dup-0,rec-1370-org
rec-1371-dup-0,rec-1371-org
rec-1372-dup-0,rec-1372-org
rec-1373-dup-0,rec-1373-org
rec-1374-dup-0,rec-1374-org
rec-1375-dup-0,rec-1375-org
rec-1376-dup-0,rec-1376-org
rec-1377-dup-0,rec-1377-org
rec-1378-dup-0,rec-1378-org
rec-1379-dup-0,rec-1379-org
rec-1380-dup-0,rec-1380-org
rec-1381-dup-0,rec-1381-org
rec-1382-dup-0,rec-1382-org
rec-1383-dup-0,rec-1383-org
rec-1384-dup-0,rec-1384-org
rec-1385-dup-0,rec-1385-org
rec-1386-dup-0,rec-1386-org
rec-1387-dup-0,rec-1387-org
rec-1388-dup-0,rec-1388-org
rec-1389-dup-0,rec-1389-org
rec-1390-dup-0,rec-1390-org
rec-1391-dup-0,rec-1391-org
rec-1392-dup-0,rec-1392-org
rec-1393-dup-0,rec-1393-org
rec-1394-dup-0,rec-1394-org
rec-1395-dup-0,rec-1395-org
rec-1396-dup-0,rec-1396-org
rec-1397-dup-0,rec-1397-org
rec-1398-dup-0,rec-1398-org
rec-1399-dup-0,rec-1399-org
rec-1400-dup-0,rec-1400-org
rec-1401-dup-0,rec-1401-org
rec-1402-dup-0,rec-1402-org
rec-1403-dup-0,rec-1403-org
rec-1404-dup-0,rec-1404-org
rec-1405-dup-0,rec-1405-org
rec-1406-dup-0,rec-1406-org
rec-1407-dup-0,rec-1407-org
rec-1408-dup-0,rec-1408-org
rec-1409-dup-0,rec-1409-org
rec-1410-dup-0,rec-1410-org
rec-1411-dup-0,rec-1411-org
rec-1412-dup-0,rec-1412-org
rec-1413-dup-0,rec-1413-org
rec-1414-dup-0,rec-1414-org
rec-1415-dup-0,rec-1415-org
rec-1416-dup-0,rec-1416-org
rec-1417-dup-0,rec-1417-org
rec-1418-dup-0,rec-1418-org
rec-1419-dup-0,rec-1419-org
rec-1420-dup-0,rec-1420-org
rec-1421-dup-0,rec-1421-org
rec-1422-dup-0,rec-1422-org
rec-1423-dup-0,rec-1423-org
rec-1424-dup-0,rec-1424-org
rec-1425-dup-0,rec-1425-org
rec-1426-dup-0,rec-1426-org
rec-1427-dup-0,rec-1427-org
rec-1428-dup-0,rec-1428-org
rec-1429-dup-0,rec-1429-org
rec-1430-dup-0,rec-1430-org
rec-1431-dup-0,rec-1431-org
rec-1432-dup-0,rec-1432-org
rec-1433-dup-0,rec-1433-org
rec-1434-dup-0,rec-1434-org
rec-1435-dup-0,rec-1435-org
rec-1436-dup-0,rec-1436-org
rec-1437-dup-0,rec-1437-org
rec-1438-dup-0,rec-1438-org
rec-1439-dup-0,rec-1439-org
rec-1440-dup-0,rec-1440-org
rec-1441-dup-0,rec-1441-org
rec-1442-dup-0,rec-1442-org
rec-1443-dup-0,rec-1443-org
rec-1444-dup-0,rec-1444-org
rec-1445-dup-0,rec-1445-org
rec-1446-dup-0,rec-1446-org
rec-1447-dup-0,rec-1447-org
rec-1448-dup-0,rec-1448-org
rec-1449-dup-0,rec-1449-org
rec-1450-dup-0,rec-1450-org
rec-1451-dup-0,rec-1451-org
rec-1452-dup-0,rec-1452-org
rec-1453-dup-0,rec-1453-org
rec-1454-dup-0,rec-1454-org
rec-1455-dup-0,rec-1455-org
rec-1456-dup-0,rec-1456-org
rec-1457-dup-0,rec-1457-org
rec-1458-dup-0,rec-1458-org
rec-1459-dup-0,rec-1459-org
rec-1460-dup-0,rec-1460-org
rec-1461-dup-0,rec-1461-org
rec-1462-dup-0,rec-1462-org
rec-1463-dup-0,rec-1463-org
rec-1464-dup-0,rec-1464-org
rec-1465-dup-0,rec-1465-org
rec-1466-dup-0,rec-1466-org
rec-1467-dup-0,rec-1467-org
rec-1468-dup-0,rec-1468-org
rec-1469-dup-0,rec-1469-org
rec-1470-dup-0,rec-1470-org
rec-1471-dup-0,rec-1471-org
rec-1472-dup-0,rec-1472-org
rec-1473-dup-0,rec-1473-org
rec-1474-dup-0,rec-1474-org
rec-1475-dup-0,rec-1475-org
rec-1476-dup-0,rec-1476-org
rec-1477-dup-0,rec-1477-org
rec-1478-dup-0,rec-1478-org
rec-1479-dup-0,rec-1479-org
rec-1480-dup-0,rec-1480-org
rec-1481-dup-0,rec-1481-org
rec-1482-dup-0,rec-1482-org
rec-1483-dup-0,rec-1483-org
rec-1484-dup-0,rec-1484-org
rec-1485-dup-0,rec-1485-org
rec-1486-dup-0,rec-1486-org
rec-1487-dup-0,rec-1487-org
rec-1488-dup-0,rec-1488-org
rec-1489-dup-0,rec-1489-org
rec-1490-dup-0,rec-1490-org
rec-1491-dup-0,rec-1491-org
rec-1492-dup-0,rec-1492-org
rec-1493-dup-0,rec-1493-org
rec-1494-dup-0,rec-1494-org
rec-1495-dup-0,rec-1495-org
rec-1496-dup-0,rec-1496-org
rec-1497-dup-0,rec-1497-org
rec-1498-dup-0,rec-1498-org
rec-1499-dup-0,rec-1499-org
rec-1500-dup-0,rec-1500-org
rec-1501-dup-0,rec-1501-org
rec-1502-dup-0,rec-1502-org
rec-1503-dup-0,rec-1503-org
rec-1504-dup-0,rec-1504-org
rec-1505-dup-0,rec-1505-org
rec-1506-dup-0,rec-1506-org
rec-1507-dup-0,rec-1507-org
rec-1508-dup-0,rec-1508-org
rec-1509-dup-0,rec-1509-org
rec-1510-dup-0,rec-1510-org
rec-1511-dup-0,rec-1511-org
rec-1512-dup-0,rec-1512-org
rec-1513-dup-0,rec-1513-org
rec-1514-dup-0,rec-1514-org
rec-1515-dup-0,rec-1515-org
rec-1516-dup-0,rec-1516-org
rec-1517-dup-0,rec-1517-org
rec-1518-dup-0,rec-1518-org
rec-1519-dup-0,rec-1519-org
rec-1520-dup-0,rec-1520-org
rec-1521-dup-0,rec-1521-org
rec-1522-dup-0,rec-1522-org
rec-1523-dup-0,rec-1523-org
rec-1524-dup-0,rec-1524-org
rec-1525-dup-0,rec-1525-org
rec-1526-dup-0,rec-1526-org
rec-1527-dup-0,rec-1527-org
rec-1528-dup-0,rec-1528-org
rec-1529-dup-0,rec-1529-org
rec-1530-dup-0,rec-1530-org
rec-1531-dup-0,rec-1531-org
rec-1532-dup-0,rec-1532-org
rec-1533-dup-0,rec-1533-org
rec-1534-dup-0,rec-1534-org
rec-1535-dup-0,rec-1535-org
rec-1536-dup-0,rec-1536-org
rec-1537-dup-0,rec-1537-org
rec-1538-dup-0,rec-1538-org
rec-1539-dup-0,rec-1539-org
rec-1540-dup-0,rec-1540-org
rec-1541-dup-0,rec-1541-org
rec-1542-dup-0,rec-1542-org
rec-1543-dup-0,rec-1543-org
rec-1544-dup-0,rec-1544-org
rec-1545-dup-0,rec-1545-org
rec-1546-dup-0,rec-1546-org
rec-1547-dup-0,rec-1547-org
rec-1548-dup-0,rec-1548-org
rec-1549-dup-0,rec-1549-org
rec-1550-dup-0,rec-1550-org
rec-1551-dup-0,rec-1551-org
rec-1552-dup-0,rec-1552-org
rec-1553-dup-0,rec-1553-org
rec-1554-dup-0,rec-1554-org
rec-1555-dup-0,rec-1555-org
rec-1556-dup-0,rec-1556-org
rec-1557-dup-0,rec-1557-org
rec-1558-dup-0,rec-1558-org
rec-1559-dup-0,rec-1559-org
rec-1560-dup-0,rec-1560-org
rec-1561-dup-0,rec-1561-org
rec-1562-dup-0,rec-1562-org
rec-1563-dup-0,rec-1563-org
rec-1564-dup-0,rec-1564-org
rec-1565-dup-0,rec-1565-org
rec-1566-dup-0,rec-1566-org
rec-1567-dup-0,rec-1567-org
rec-1568-dup-0,rec-1568-org
rec-1569-dup-0,rec-1569-org
rec-1570-dup-0,rec-1570-org
rec-1571-dup-0,rec-1571-org
rec-1572-dup-0,rec-1572-org
rec-1573-dup-0,rec-1573-org
rec-1574-dup-0,rec-1574-org
rec-1575-dup-0,rec-1575-org
rec-1576-dup-0,rec-1576-org
rec-1577-dup-0,rec-1577-org
rec-1578-dup-0,rec-1578-org
rec-1579-dup-0,rec-1579-org
rec-1580-dup-0,rec-1580-org
rec-1581-dup-0,rec-1581-org
rec-1582-dup-0,rec-1582-org
rec-1583-dup-0,rec-1583-org
rec-1584-dup-0,rec-1584-org
rec-1585-dup-0,rec-1585-org
rec-1586-dup-0,rec-1586-org
rec-1587-dup-0,rec-1587-org
rec-1588-dup-0,rec-1588-org
rec-1589-dup-0,rec-1589-org
rec-1590-dup-0,rec-1590-org
rec-1591-dup-0,rec-1591-org
rec-1592-dup-0,rec-1592-org
rec-1593-dup-0,rec-1593-org
rec-1594-dup-0,rec-1594-org
rec-1595-dup-0,rec-1595-org
rec-1596-dup-0,rec-1596-org
rec-1597-dup-0,rec-1597-org
rec-1598-dup-0,rec-1598-org
rec-1599-dup-0,rec-1599-org
rec-1600-dup-0,rec-1600-org
rec-1601-dup-0,rec-1601-org
rec-1602-dup-0,rec-1602-org
rec-1603-dup-0,rec-1603-org
rec-1604-dup-0,rec-1604-org
rec-1605-dup-0,rec-1605-org
rec-1606-dup-0,rec-1606-org
rec-1607-dup-0,rec-1607-org
rec-1608-dup-0,rec-1608-org
rec-1609-dup-0,rec-1609-org
rec-1610-dup-0,rec-1610-org
rec-1611-dup-0,rec-1611-org
rec-1612-dup-0,rec-1612-org
rec-1613-dup-0,rec-1613-org
rec-1614-dup-0,rec-1614-org
rec-1615-dup-0,rec-1615-org
rec-1616-dup-0,rec-1616-org
rec-1617-dup-0,rec-1617-org
rec-1618-dup-0,rec-1618-org
rec-1619-dup-0,rec-1619-org
rec-1620-dup-0,rec-1620-org
rec-1621-dup-0,rec-1621-org
rec-1622-dup-0,rec-1622-org
rec-1623-dup-0,rec-1623-org
rec-1624-dup-0,rec-1624-org
rec-1625-dup-0,rec-1625-org
rec-1626-dup-0,rec-1626-org
rec-1627-dup-0,rec-1627-org
rec-1628-dup-0,rec-1628-org
rec-1629-dup-0,rec-1629-org
rec-1630-dup-0,rec-1630-org
rec-1631-dup-0,rec-1631-org
rec-1632-dup-0,rec-1632-org
rec-1633-dup-0,rec-1633-org
rec-1634-dup-0,rec-1634-org
rec-1635-dup-0,rec-1635-org
rec-1636-dup-0,rec-1636-org
rec-1637-dup-0,rec-1637-org
rec-1638-dup-0,rec-1638-org
rec-1639-dup-0,rec-1639-org
rec-1640-dup-0,rec-1640-org
rec-1641-dup-0,rec-1641-org
rec-1642-dup-0,rec-1642-org
rec-1643-dup-0,rec-1643-org
rec-1644-dup-0,rec-1644-org
rec-1645-dup-0,rec-1645-org
rec-1646-dup-0,rec-1646-org
rec-1647-dup-0,rec-1647-org
rec-1648-dup-0,rec-1648-org
rec-1649-dup-0,rec-1649-org
rec-1650-dup-0,rec-1650-org
rec-1651-dup-0,rec-1651-org
rec-1652-dup-0,rec-1652-org
rec-1653-dup-0,rec-1653-org
rec-1654-dup-0,rec-1654-org
rec-1655-dup-0,rec-1655-org
rec-1656-dup-0,rec-1656-org
rec-1657-dup-0,rec-1657-org
rec-1658-dup-0,rec-1658-org
rec-1659-dup-0,rec-1659-org
rec-1660-dup-0,rec-1660-org
rec-1661-dup-0,rec-1661-org
rec-1662-dup-0,rec-1662-org
rec-1663-dup-0,rec-1663-org
rec-1664-dup-0,rec-1664-org
rec-1665-dup-0,rec-1665-org
rec-1666-dup-0,rec-1666-org
rec-1667-dup-0,rec-1667-org
rec-1668-dup-0,rec-1668-org
rec-1669-dup-0,rec-1669-org
rec-1670-dup-0,rec-1670-org
rec-1671-dup-0,rec-1671-org
rec-1672-dup-0,rec-1672-org
rec-1673-dup-0,rec-1673-org
rec-1674-dup-0,rec-1674-org
rec-1675-dup-0,rec-1675-org
rec-1676-dup-0,rec-1676-org
rec-1677-dup-0,rec-1677-org
rec-1678-dup-0,rec-1678-org
rec-1679-dup-0,rec-1679-org
rec-1680-dup-0,rec-1680-org
rec-1681-dup-0,rec-1681-org
rec-1682-dup-0,rec-1682-org
rec-1683-dup-0,rec-1683-org
rec-1684-dup-0,rec-1684-org
rec-1685-dup-0,rec-1685-org
rec-1686-dup-0,rec-1686-org
rec-1687-dup-0,rec-1687-org
rec-1688-dup-0,rec-1688-org
rec-1689-dup-0,rec-1689-org
rec-1690-dup-0,rec-1690-org
rec-1691-dup-0,rec-1691-org
rec-1692-dup-0,rec-1692-org
rec-1693-dup-0,rec-1693-org
rec-1694-dup-0,rec-1694-org
rec-1695-dup-0,rec-1695-org
rec-1696-dup-0,rec-1696-org
rec-1697-dup-0,rec-1697-org
rec-1698-dup-0,rec-1698-org
rec-1699-dup-0,rec-1699-org
rec-1700-dup-0,rec-1700-org
rec-1701-dup-0,rec-1701-org
rec-1702-dup-0,rec-1702-org
rec-1703-dup-0,rec-1703-org
rec-1704-dup-0,rec-1704-org
rec-1705-dup-0,rec-1705-org
rec-1706-dup-0,rec-1706-org
rec-1707-dup-0,rec-1707-org
rec-1708-dup-0,rec-1708-org
rec-1709-dup-0,rec-1709-org
rec-1710-dup-0,rec-1710-org
rec-1711-dup-0,rec-1711-org
rec-1712-dup-0,rec-1712-org
rec-1713-dup-0,rec-1713-org
rec-1714-dup-0,rec-1714-org
rec-1715-dup-0,rec-1715-org
rec-1716-dup-0,rec-1716-org
rec-1717-dup-0,rec-1717-org
rec-1718-dup-0,rec-1718-org
rec-1719-dup-0,rec-1719-org
rec-1720-dup-0,rec-1720-org
rec-1721-dup-0,rec-1721-org
rec-1722-dup-0,rec-1722-org
rec-1723-dup-0,rec-1723-org
rec-1724-dup-0,rec-1724-org
rec-1725-dup-0,rec-1725-org
rec-1726-dup-0,rec-1726-org
rec-1727-dup-0,rec-1727-org
rec-1728-dup-0,rec-1728-org
rec-1729-dup-0,rec-1729-org
rec-1730-dup-0,rec-1730-org
rec-1731-dup-0,rec-1731-org
rec-1732-dup-0,rec-1732-org
rec-1733-dup-0,rec-1733-org
rec-1734-dup-0,rec-1734-org
rec-1735-dup-0,rec-1735-org
rec-1736-dup-0,rec-1736-org
rec-1737-dup-0,rec-1737-org
rec-1738-dup-0,rec-1738-org
rec-1739-dup-0,rec-1739-org
rec-1740-dup-0,rec-1740-org
rec-1741-dup-0,rec-1741-org
rec-1742-dup-0,rec-1742-org
rec-1743-dup-0,rec-1743-org
rec-1744-dup-0,rec-1744-org
rec-1745-dup-0,rec-1745-org
rec-1746-dup-0,rec-1746-org
rec-1747-dup-0,rec-1747-org
rec-1748-dup-0,rec-1748-org
rec-1749-dup-0,rec-1749-org
rec-1750-dup-0,rec-1750-org
rec-1751-dup-0,rec-1751-org
rec-1752-dup-0,rec-1752-org
rec-1753-dup-0,rec-1753-org
rec-1754-dup-0,rec-1754-org
rec-1755-dup-0,rec-1755-org
rec-1756-dup-0,rec-1756-org
rec-1757-dup-0,rec-1757-org
rec-1758-dup-0,rec-1758-org
rec-1759-dup-0,rec-1759-org
rec-1760-dup-0,rec-1760-org
rec-1761-dup-0,rec-1761-org
rec-1762-dup-0,rec-1762-org
rec-1763-dup-0,rec-1763-org
rec-1764-dup-0,rec-1764-org
rec-1765-dup-0,rec-1765-org
rec-1766-dup-0,rec-1766-org
rec-1767-dup-0,rec-1767-org
rec-1768-dup-0,rec-1768-org
rec-1769-dup-0,rec-1769-org
rec-1770-dup-0,rec-1770-org
rec-1771-dup-0,rec-1771-org
rec-1772-dup-0,rec-1772-org
rec-1773-dup-0,rec-1773-org
rec-1774-dup-0,rec-1774-org
rec-1775-dup-0,rec-1775-org
rec-1776-dup-0,rec-1776-org
rec-1777-dup-0,rec-1777-org
rec-1778-dup-0,rec-1778-org
rec-1779-dup-0,rec-1779-org
rec-1780-dup-0,rec-1780-org
rec-1781-dup-0,rec-1781-org
rec-1782-dup-0,rec-1782-org
rec-1783-dup-0,rec-1783-org
rec-1784-dup-0,rec-1784-org
rec-1785-dup-0,rec-1785-org
rec-1786-dup-0,rec-1786-org
rec-1787-dup-0,rec-1787-org
rec-1788-dup-0,rec-1788-org
rec-1789-dup-0,rec-1789-org
rec-1790-dup-0,rec-1790-org
rec-1791-dup-0,rec-1791-org
rec-1792-dup-0,rec-1792-org
rec-1793-dup-0,rec-1793-org
rec-1794-dup-0,rec-1794-org
rec-1795-dup-0,rec-1795-org
rec-1796-dup-0,rec-1796-org
rec-1797-dup-0,rec-1797-org
rec-1798-dup-0,rec-1798-org
rec-1799-dup-0,rec-1799-org
rec-1800-dup-0,rec-1800-org
rec-1801-dup-0,rec-1801-org
rec-1802-dup-0,rec-1802-org
rec-1803-dup-0,rec-1803-org
rec-1804-dup-0,rec-1804-org
rec-1805-dup-0,rec-1805-org
rec-1806-dup-0,rec-1806-org
rec-1807-dup-0,rec-1807-org
rec-1808-dup-0,rec-1808-org
rec-1809-dup-0,rec-1809-org
rec-1810-dup-0,rec-1810-org
rec-1811-dup-0,rec-1811-org
rec-1812-dup-0,rec-1812-org
rec-1813-dup-0,rec-1813-org
rec-1814-dup-0,rec-1814-org
rec-1815-dup-0,rec-1815-org
rec-1816-dup-0,rec-1816-org
rec-1817-dup-0,rec-1817-org
rec-1818-dup-0,rec-1818-org
rec-1819-dup-0,rec-1819-org
rec-1820-dup-0,rec-1820-org
rec-1821-dup-0,rec-1821-org
rec-1822-dup-0,rec-1822-org
rec-1823-dup-0,rec-1823-org
rec-1824-dup-0,rec-1824-org
rec-1825-dup-0,rec-1825-org
rec-1826-dup-0,rec-1826-org
rec-1827-dup-0,rec-1827-org
rec-1828-dup-0,rec-1828-org
rec-1829-dup-0,rec-1829-org
rec-1830-dup-0,rec-1830-org
rec-1831-dup-0,rec-1831-org
rec-1832-dup-0,rec-1832-org
rec-1833-dup-0,rec-1833-org
rec-1834-dup-0,rec-1834-org
rec-1835-dup-0,rec-1835-org
rec-1836-dup-0,rec-1836-org
rec-1837-dup-0,rec-1837-org
rec-1838-dup-0,rec-1838-org
rec-1839-dup-0,rec-1839-org
rec-1840-dup-0,rec-1840-org
rec-1841-dup-0,rec-1841-org
rec-1842-dup-0,rec-1842-org
rec-1843-dup-0,rec-1843-org
rec-1844-dup-0,rec-1844-org
rec-1845-dup-0,rec-1845-org
rec-1846-dup-0,rec-1846-org
rec-1847-dup-0,rec-1847-org
rec-1848-dup-0,rec-1848-org
rec-1849-dup-0,rec-1849-org
rec-1850-dup-0,rec-1850-org
rec-1851-dup-0,rec-1851-org
rec-1852-dup-0,rec-1852-org
rec-1853-dup-0,rec-1853-org
rec-1854-dup-0,rec-1854-org
rec-1855-dup-0,rec-1855-org
rec-1856-dup-0,rec-1856-org
rec-1857-dup-0,rec-1857-org
rec-1858-dup-0,rec-1858-org
rec-1859-dup-0,rec-1859-org
rec-1860-dup-0,rec-1860-org
rec-1861-dup-0,rec-1861-org
rec-1862-dup-0,rec-1862-org
rec-1863-dup-0,rec-1863-org
rec-1864-dup-0,rec-1864-org
rec-1865-dup-0,rec-1865-org
rec-1866-dup-0,rec-1866-org
rec-1867-dup-0,rec-1867-org
rec-1868-dup-0,rec-1868-org
rec-1869-dup-0,rec-1869-org
rec-1870-dup-0,rec-1870-org
rec-1871-dup-0,rec-1871-org
rec-1872-dup-0,rec-1872-org
rec-1873-dup-0,rec-1873-org
rec-1874-dup-0,rec-1874-org
rec-1875-dup-0,rec-1875-org
rec-1876-dup-0,rec-1876-org
rec-1877-dup-0,rec-1877-org
rec-1878-dup-0,rec-1878-org
rec-1879-dup-0,rec-1879-org
rec-1880-dup-0,rec-1880-org
rec-1881-dup-0,rec-1881-org
rec-1882-dup-0,rec-1882-org
rec-1883-dup-0,rec-1883-org
rec-1884-dup-0,rec-1884-org
rec-1885-dup-0,rec-1885-org
rec-1886-dup-0,rec-1886-org
rec-1887-dup-0,rec-1887-org
rec-1888-dup-0,rec-1888-org
rec-1889-dup-0,rec-1889-org
rec-1890-dup-0,rec-1890-org
rec-1891-dup-0,rec-1891-org
rec-1892-dup-0,rec-1892-org
rec-1893-dup-0,rec-1893-org
rec-1894-dup-0,rec-1894-org
rec-1895-dup-0,rec-1895-org
rec-1896-dup-0,rec-1896-org
rec-1897-dup-0,rec-1897-org
rec-1898-dup-0,rec-1898-org
rec-1899-dup-0,rec-1899-org
rec-1900-dup-0,rec-1900-org
rec-1901-dup-0,rec-1901-org
rec-1902-dup-0,rec-1902-org
rec-1903-dup-0,rec-1903-org
rec-1904-dup-0,rec-1904-org
rec-1905-dup-0,rec-1905-org
rec-1906-dup-0,rec-1906-org
rec-1907-dup-0,rec-1907-org
rec-1908-dup-0,rec-1908-org
rec-1909-dup-0,rec-1909-org
rec-1910-dup-0,rec-1910-org
rec-1911-dup-0,rec-1911-org
rec-1912-dup-0,rec-1912-org
rec-1913-dup-0,rec-1913-org
rec-1914-dup-0,rec-1914-org
rec-1915-dup-0,rec-1915-org
rec-1916-dup-0,rec-1916-org
rec-1917-dup-0,rec-1917-org
rec-1918-dup-0,rec-1918-org
rec-1919-dup-0,rec-1919-org
rec-1920-dup-0,rec-1920-org
rec-1921-dup-0,rec-1921-org
rec-1922-dup-0,rec-1922-org
rec-1923-dup-0,rec-1923-org
rec-1924-dup-0,rec-1924-org
rec-1925-dup-0,rec-1925-org
rec-1926-dup-0,rec-1926-org
rec-1927-dup-0,rec-1927-org
rec-1928-dup-0,rec-1928-org
rec-1929-dup-0,rec-1929-org
rec-1930-dup-0,rec-1930-org
rec-1931-dup-0,rec-1931-org
rec-1932-dup-0,rec-1932-org
rec-1933-dup-0,rec-1933-org
rec-1934-dup-0,rec-1934-org
rec-1935-dup-0,rec-1935-org
rec-1936-dup-0,rec-1936-org
rec-1937-dup-0,rec-1937-org
rec-1938-dup-0,rec-1938-org
rec-1939-dup-0,rec-1939-org
rec-1940-dup-0,rec-1940-org
rec-1941-dup-0,rec-1941-org
rec-1942-dup-0,rec-1942-org
rec-1943-dup-0,rec-1943-org
rec-1944-dup-0,rec-1944-org
rec-1945-dup-0,rec-1945-org
rec-1946-dup-0,rec-1946-org
rec-1947-dup-0,rec-1947-org
rec-1948-dup-0,rec-1948-org
rec-1949-dup-0,rec-1949-org
rec-1950-dup-0,rec-1950-org
rec-1951-dup-0,rec-1951-org
rec-1952-dup-0,rec-1952-org
rec-1953-dup-0,rec-1953-org
rec-1954-dup-0,rec-1954-org
rec-1955-dup-0,rec-1955-org
rec-1956-dup-0,rec-1956-org
rec-1957-dup-0,rec-1957-org
rec-1958-dup-0,rec-1958-org
rec-1959-dup-0,rec-1959-org
rec-1960-dup-0,rec-1960-org
rec-1961-dup-0,rec-1961-org
rec-1962-dup-0,rec-1962-org
rec-1963-dup-0,rec-1963-org
rec-1964-dup-0,rec-1964-org
rec-1965-dup-0,rec-1965-org
rec-1966-dup-0,rec-1966-org
rec-1967-dup-0,rec-1967-org
rec-1968-dup-0,rec-1968-org
rec-1969-dup-0,rec-1969-org
rec-1970-dup-0,rec-1970-org
rec-1971-dup-0,rec-1971-org
rec-1972-dup-0,rec-1972-org
rec-1973-dup-0,rec-1973-org
rec-1974-dup-0,rec-1974-org
rec-1975-dup-0,rec-1975-org
rec-1976-dup-0,rec-1976-org
rec-1977-dup-0,rec-1977-org
rec-1978-dup-0,rec-1978-org
rec-1979-dup-0,rec-1979-org
rec-1980-dup-0,rec-1980-org
rec-1981-dup-0,rec-1981-org
rec-1982-dup-0,rec-1982-org
rec-1983-dup-0,rec-1983-org
rec-1984-dup-0,rec-1984-org
rec-1985-dup-0,rec-1985-org
rec-1986-dup-0,rec-1986-org
rec-1987-dup-0,rec-1987-org
rec-1988-dup-0,rec-1988-org
rec-1989-dup-0,rec-1989-org
rec-1990-dup-0,rec-1990-org
rec-1991-dup-0,rec-1991-org
rec-1992-dup-0,rec-1992-org
rec-1993-dup-0,rec-1993-org
rec-1994-dup-0,rec-1994-org
rec-1995-dup-0,rec-1995-org
rec-1996-dup-0,rec-1996-org
rec-1997-dup-0,rec-1997-org
rec-1998-dup-0,rec-1998-org
rec-1999-dup-0,rec-1999-org
rec-2000-dup-0,rec-2000-org
rec-2001-dup-0,rec-2001-org
rec-2002-dup-0,rec-2002-org
rec-2003-dup-0,rec-2003-org
rec-2004-dup-0,rec-2004-org
rec-2005-dup-0,rec-2005-org
rec-2006-dup-0,rec-2006-org
rec-2007-dup-0,rec-2007-org
rec-2008-dup-0,rec-2008-org
rec-2009-dup-0,rec-2009-org
rec-2010-dup-0,rec-2010-org
rec-2011-dup-0,rec-2011-org
rec-2012-dup-0,rec-2012-org
rec-2013-dup-0,rec-2013-org
rec-2014-dup-0,rec-2014-org
rec-2015-dup-0,rec-2015-org
rec-2016-dup-0,rec-2016-org
rec-2017-dup-0,rec-2017-org
rec-2018-dup-0,rec-2018-org
rec-2019-dup-0,rec-2019-org
rec-2020-dup-0,rec-2020-org
rec-2021-dup-0,rec-2021-org
rec-2022-dup-0,rec-2022-org
rec-2023-dup-0,rec-2023-org
rec-2024-dup-0,rec-2024-org
rec-2025-dup-0,rec-2025-org
rec-2026-dup-0,rec-2026-org
rec-2027-dup-0,rec-2027-org
rec-2028-dup-0,rec-2028-org
rec-2029-dup-0,rec-2029-org
rec-2030-dup-0,rec-2030-org
rec-2031-dup-0,rec-2031-org
rec-2032-dup-0,rec-2032-org
rec-2033-dup-0,rec-2033-org
rec-2034-dup-0,rec-2034-org
rec-2035-dup-0,rec-2035-org
rec-2036-dup-0,rec-2036-org
rec-2037-dup-0,rec-2037-org
rec-2038-dup-0,rec-2038-org
rec-2039-dup-0,rec-2039-org
rec-2040-dup-0,rec-2040-org
rec-2041-dup-0,rec-2041-org
rec-2042-dup-0,rec-2042-org
rec-2043-dup-0,rec-2043-org
rec-2044-dup-0,rec-2044-org
rec-2045-dup-0,rec-2045-org
rec-2046-dup-0,rec-2046-org
rec-2047-dup-0,rec-2047-org
rec-2048-dup-0,rec-2048-org
rec-2049-dup-0,rec-2049-org
rec-2050-dup-0,rec-2050-org
rec-2051-dup-0,rec-2051-org
rec-2052-dup-0,rec-2052-org
rec-2053-dup-0,rec-2053-org
rec-2054-dup-0,rec-2054-org
rec-2055-dup-0,rec-2055-org
rec-2056-dup-0,rec-2056-org
rec-2057-dup-0,rec-2057-org
rec-2058-dup-0,rec-2058-org
rec-2059-dup-0,rec-2059-org
rec-2060-dup-0,rec-2060-org
rec-2061-dup-0,rec-2061-org
rec-2062-dup-0,rec-2062-org
rec-2063-dup-0,rec-2063-org
rec-2064-dup-0,rec-2064-org
rec-2065-dup-0,rec-2065-org
rec-2066-dup-0,rec-2066-org
rec-2067-dup-0,rec-2067-org
rec-2068-dup-0,rec-2068-org
rec-2069-dup-0,rec-2069-org
rec-2070-dup-0,rec-2070-org
rec-2071-dup-0,rec-2071-org
rec-2072-dup-0,rec-2072-org
rec-2073-dup-0,rec-2073-org
rec-2074-dup-0,rec-2074-org
rec-2075-dup-0,rec-2075-org
rec-2076-dup-0,rec-2076-org
rec-2077-dup-0,rec-2077-org
rec-2078-dup-0,rec-2078-org
rec-2079-dup-0,rec-2079-org
rec-2080-dup-0,rec-2080-org
rec-2081-dup-0,rec-2081-org
rec-2082-dup-0,rec-2082-org
rec-2083-dup-0,rec-2083-org
rec-2084-dup-0,rec-2084-org
rec-2085-dup-0,rec-2085-org
rec-2086-dup-0,rec-2086-org
rec-2087-dup-0,rec-2087-org
rec-2088-dup-0,rec-2088-org
rec-2089-dup-0,rec-2089-org
rec-2090-dup-0,rec-2090-org
rec-2091-dup-0,rec-2091-org
rec-2092-dup-0,rec-2092-org
rec-2093-dup-0,rec-2093-org
rec-2094-dup-0,rec-2094-org
rec-2095-dup-0,rec-2095-org
rec-2096-dup-0,rec-2096-org
rec-2097-dup-0,rec-2097-org
rec-2098-dup-0,rec-2098-org
rec-2099-dup-0,rec-2099-org
rec-2100-dup-0,rec-2100-org
rec-2101-dup-0,rec-2101-org
rec-2102-dup-0,rec-2102-org
rec-2103-dup-0,rec-2103-org
rec-2104-dup-0,rec-2104-org
rec-2105-dup-0,rec-2105-org
rec-2106-dup-0,rec-2106-org
rec-2107-dup-0,rec-2107-org
rec-2108-dup-0,rec-2108-org
rec-2109-dup-0,rec-2109-org
rec-2110-dup-0,rec-2110-org
rec-2111-dup-0,rec-2111-org
rec-2112-dup-0,rec-2112-org
rec-2113-dup-0,rec-2113-org
rec-2114-dup-0,rec-2114-org
rec-2115-dup-0,rec-2115-org
rec-2116-dup-0,rec-2116-org
rec-2117-dup-0,rec-2117-org
rec-2118-dup-0,rec-2118-org
rec-2119-dup-0,rec-2119-org
rec-2120-dup-0,rec-2120-org
rec-2121-dup-0,rec-2121-org
rec-2122-dup-0,rec-2122-org
rec-2123-dup-0,rec-2123-org
rec-2124-dup-0,rec-2124-org
rec-2125-dup-0,rec-2125-org
rec-2126-dup-0,rec-2126-org
rec-2127-dup-0,rec-2127-org
rec-2128-dup-0,rec-2128-org
rec-2129-dup-0,rec-2129-org
rec-2130-dup-0,rec-2130-org
rec-2131-dup-0,rec-2131-org
rec-2132-dup-0,rec-2132-org
rec-2133-dup-0,rec-2133-org
rec-2134-dup-0,rec-2134-org
rec-2135-dup-0,rec-2135-org
rec-2136-dup-0,rec-2136-org
rec-2137-dup-0,rec-2137-org
rec-2138-dup-0,rec-2138-org
rec-2139-dup-0,rec-2139-org
rec-2140-dup-0,rec-2140-org
rec-2141-dup-0,rec-2141-org
rec-2142-dup-0,rec-2142-org
rec-2143-dup-0,rec-2143-org
rec-2144-dup-0,rec-2144-org
rec-2145-dup-0,rec-2145-org
rec-2146-dup-0,rec-2146-org
rec-2147-dup-0,rec-2147-org
rec-2148-dup-0,rec-2148-org
rec-2149-dup-0,rec-2149-org
rec-2150-dup-0,rec-2150-org
rec-2151-dup-0,rec-2151-org
rec-2152-dup-0,rec-2152-org
rec-2153-dup-0,rec-2153-org
rec-2154-dup-0,rec-2154-org
rec-2155-dup-0,rec-2155-org
rec-2156-dup-0,rec-2156-org
rec-2157-dup-0,rec-2157-org
rec-2158-dup-0,rec-2158-org
rec-2159-dup-0,rec-2159-org
rec-2160-dup-0,rec-2160-org
rec-2161-dup-0,rec-2161-org
rec-2162-dup-0,rec-2162-org
rec-2163-dup-0,rec-2163-org
rec-2164-dup-0,rec-2164-org
rec-2165-dup-0,rec-2165-org
rec-2166-dup-0,rec-2166-org
rec-2167-dup-0,rec-2167-org
rec-2168-dup-0,rec-2168-org
rec-2169-dup-0,rec-2169-org
rec-2170-dup-0,rec-2170-org
rec-2171-dup-0,rec-2171-org
rec-2172-dup-0,rec-2172-org
rec-2173-dup-0,rec-2173-org
rec-2174-dup-0,rec-2174-org
rec-2175-dup-0,rec-2175-org
rec-2176-dup-0,rec-2176-org
rec-2177-dup-0,rec-2177-org
rec-2178-dup-0,rec-2178-org
rec-2179-dup-0,rec-2179-org
rec-2180-dup-0,rec-2180-org
rec-2181-dup-0,rec-2181-org
rec-2182-dup-0,rec-2182-org
rec-2183-dup-0,rec-2183-org
rec-2184-dup-0,rec-2184-org
rec-2185-dup-0,rec-2185-org
rec-2186-dup-0,rec-2186-org
rec-2187-dup-0,rec-2187-org
rec-2188-dup-0,rec-2188-org
rec-2189-dup-0,rec-2189-org
rec-2190-dup-0,rec-2190-org
rec-2191-dup-0,rec-2191-org
rec-2192-dup-0,rec-2192-org
rec-2193-dup-0,rec-2193-org
rec-2194-dup-0,rec-2194-org
rec-2195-dup-0,rec-2195-org
rec-2196-dup-0,rec-2196-org
rec-2197-dup-0,rec-2197-org
rec-2198-dup-0,rec-2198-org
rec-2199-dup-0,rec-2199-org
rec-2200-dup-0,rec-2200-org
rec-2201-dup-0,rec-2201-org
rec-2202-dup-0,rec-2202-org
rec-2203-dup-0,rec-2203-org
rec-2204-dup-0,rec-2204-org
rec-2205-dup-0,rec-2205-org
rec-2206-dup-0,rec-2206-org
rec-2207-dup-0,rec-2207-org
rec-2208-dup-0,rec-2208-org
rec-2209-dup-0,rec-2209-org
rec-2210-dup-0,rec-2210-org
rec-2211-dup-0,rec-2211-org
rec-2212-dup-0,rec-2212-org
rec-2213-dup-0,rec-2213-org
rec-2214-dup-0,rec-2214-org
rec-2215-dup-0,rec-2215-org
rec-2216-dup-0,rec-2216-org
rec-2217-dup-0,rec-2217-org
rec-2218-dup-0,rec-2218-org
rec-2219-dup-0,rec-2219-org
rec-2220-dup-0,rec-2220-org
rec-2221-dup-0,rec-2221-org
rec-2222-dup-0,rec-2222-org
rec-2223-dup-0,rec-2223-org
rec-2224-dup-0,rec-2224-org
rec-2225-dup-0,rec-2225-org
rec-2226-dup-0,rec-2226-org
rec-2227-dup-0,rec-2227-org
rec-2228-dup-0,rec-2228-org
rec-2229-dup-0,rec-2229-org
rec-2230-dup-0,rec-2230-org
rec-2231-dup-0,rec-2231-org
rec-2232-dup-0,rec-2232-org
rec-2233-dup-0,rec-2233-org
rec-2234-dup-0,rec-2234-org
rec-2235-dup-0,rec-2235-org
rec-2236-dup-0,rec-2236-org
rec-2237-dup-0,rec-2237-org
rec-2238-dup-0,rec-2238-org
rec-2239-dup-0,rec-2239-org
rec-2240-dup-0,rec-2240-org
rec-2241-dup-0,rec-2241-org
rec-2242-dup-0,rec-2242-org
rec-2243-dup-0,rec-2243-org
rec-2244-dup-0,rec-2244-org
rec-2245-dup-0,rec-2245-org
rec-2246-dup-0,rec-2246-org
rec-2247-dup-0,rec-2247-org
rec-2248-dup-0,rec-2248-org
rec-2249-dup-0,rec-2249-org
rec-2250-dup-0,rec-2250-org
rec-2251-dup-0,rec-2251-org
rec-2252-dup-0,rec-2252-org
rec-2253-dup-0,rec-2253-org
rec-2254-dup-0,rec-2254-org
rec-2255-dup-0,rec-2255-org
rec-2256-dup-0,rec-2256-org
rec-2257-dup-0,rec-2257-org
rec-2258-dup-0,rec-2258-org
rec-2259-dup-0,rec-2259-org
rec-2260-dup-0,rec-2260-org
rec-2261-dup-0,rec-2261-org
rec-2262-dup-0,rec-2262-org
rec-2263-dup-0,rec-2263-org
rec-2264-dup-0,rec-2264-org
rec-2265-dup-0,rec-2265-org
rec-2266-dup-0,rec-2266-org
rec-2267-dup-0,rec-2267-org
rec-2268-dup-0,rec-2268-org
rec-2269-dup-0,rec-2269-org
rec-2270-dup-0,rec-2270-org
rec-2271-dup-0,rec-2271-org
rec-2272-dup-0,rec-2272-org
rec-2273-dup-0,rec-2273-org
rec-2274-dup-0,rec-2274-org
rec-2275-dup-0,rec-2275-org
rec-2276-dup-0,rec-2276-org
rec-2277-dup-0,rec-2277-org
rec-2278-dup-0,rec-2278-org
rec-2279-dup-0,rec-2279-org
rec-2280-dup-0,rec-2280-org
rec-2281-dup-0,rec-2281-org
rec-2282-dup-0,rec-2282-org
rec-2283-dup-0,rec-2283-org
rec-2284-dup-0,rec-2284-org
rec-2285-dup-0,rec-2285-org
rec-2286-dup-0,rec-2286-org
rec-2287-dup-0,rec-2287-org
rec-2288-dup-0,rec-2288-org
rec-2289-dup-0,rec-2289-org
rec-2290-dup-0,rec-2290-org
rec-2291-dup-0,rec-2291-org
rec-2292-dup-0,rec-2292-org
rec-2293-dup-0,rec-2293-org
rec-2294-dup-0,rec-2294-org
rec-2295-dup-0,rec-2295-org
rec-2296-dup-0,rec-2296-org
rec-2297-dup-0,rec-2297-org
rec-2298-dup-0,rec-2298-org
rec-2299-dup-0,rec-2299-org
rec-2300-dup-0,rec-2300-org
rec-2301-dup-0,rec-2301-org
rec-2302-dup-0,rec-2302-org
rec-2303-dup-0,rec-2303-org
rec-2304-dup-0,rec-2304-org
rec-2305-dup-0,rec-2305-org
rec-2306-dup-0,rec-2306-org
rec-2307-dup-0,rec-2307-org
rec-2308-dup-0,rec-2308-org
rec-2309-dup-0,rec-2309-org
rec-2310-dup-0,rec-2310-org
rec-2311-dup-0,rec-2311-org
rec-2312-dup-0,rec-2312-org
rec-2313-dup-0,rec-2313-org
rec-2314-dup-0,rec-2314-org
rec-2315-dup-0,rec-2315-org
rec-2316-dup-0,rec-2316-org
rec-2317-dup-0,rec-2317-org
rec-2318-dup-0,rec-2318-org
rec-2319-dup-0,rec-2319-org
rec-2320-dup-0,rec-2320-org
rec-2321-dup-0,rec-2321-org
rec-2322-dup-0,rec-2322-org
rec-2323-dup-0,rec-2323-org
rec-2324-dup-0,rec-2324-org
rec-2325-dup-0,rec-2325-org
rec-2326-dup-0,rec-2326-org
rec-2327-dup-0,rec-2327-org
rec-2328-dup-0,rec-2328-org
rec-2329-dup-0,rec-2329-org
rec-2330-dup-0,rec-2330-org
rec-2331-dup-0,rec-2331-org
rec-2332-dup-0,rec-2332-org
rec-2333-dup-0,rec-2333-org
rec-2334-dup-0,rec-2334-org
rec-2335-dup-0,rec-2335-org
rec-2336-dup-0,rec-2336-org
rec-2337-dup-0,rec-2337-org
rec-2338-dup-0,rec-2338-org
rec-2339-dup-0,rec-2339-org
rec-2340-dup-0,rec-2340-org
rec-2341-dup-0,rec-2341-org
rec-2342-dup-0,rec-2342-org
rec-2343-dup-0,rec-2343-org
rec-2344-dup-0,rec-2344-org
rec-2345-dup-0,rec-2345-org
rec-2346-dup-0,rec-2346-org
rec-2347-dup-0,rec-2347-org
rec-2348-dup-0,rec-2348-org
rec-2349-dup-0,rec-2349-org
rec-2350-dup-0,rec-2350-org
rec-2351-dup-0,rec-2351-org
rec-2352-dup-0,rec-2352-org
rec-2353-dup-0,rec-2353-org
rec-2354-dup-0,rec-2354-org
rec-2355-dup-0,rec-2355-org
rec-2356-dup-0,rec-2356-org
rec-2357-dup-0,rec-2357-org
rec-2358-dup-0,rec-2358-org
rec-2359-dup-0,rec-2359-org
rec-2360-dup-0,rec-2360-org
rec-2361-dup-0,rec-2361-org
rec-2362-dup-0,rec-2362-org
rec-2363-dup-0,rec-2363-org
rec-2364-dup-0,rec-2364-org
rec-2365-dup-0,rec-2365-org
rec-2366-dup-0,rec-2366-org
rec-2367-dup-0,rec-2367-org
rec-2368-dup-0,rec-2368-org
rec-2369-dup-0,rec-2369-org
rec-2370-dup-0,rec-2370-org
rec-2371-dup-0,rec-2371-org
rec-2372-dup-0,rec-2372-org
rec-2373-dup-0,rec-2373-org
rec-2374-dup-0,rec-2374-org
rec-2375-dup-0,rec-2375-org
rec-2376-dup-0,rec-2376-org
rec-2377-dup-0,rec-2377-org
rec-2378-dup-0,rec-2378-org
rec-2379-dup-0,rec-2379-org
rec-2380-dup-0,rec-2380-org
rec-2381-dup-0,rec-2381-org
rec-2382-dup-0,rec-2382-org
rec-2383-dup-0,rec-2383-org
rec-2384-dup-0,rec-2384-org
rec-2385-dup-0,rec-2385-org
rec-2386-dup-0,rec-2386-org
rec-2387-dup-0,rec-2387-org
rec-2388-dup-0,rec-2388-org
rec-2389-dup-0,rec-2389-org
rec-2390-dup-0,rec-2390-org
rec-2391-dup-0,rec-2391-org
rec-2392-dup-0,rec-2392-org
rec-2393-dup-0,rec-2393-org
rec-2394-dup-0,rec-2394-org
rec-2395-dup-0,rec-2395-org
rec-2396-dup-0,rec-2396-org
rec-2397-dup-0,rec-2397-org
rec-2398-dup-0,rec-2398-org
rec-2399-dup-0,rec-2399-org
rec-2400-dup-0,rec-2400-org
rec-2401-dup-0,rec-2401-org
rec-2402-dup-0,rec-2402-org
rec-2403-dup-0,rec-2403-org
rec-2404-dup-0,rec-2404-org
rec-2405-dup-0,rec-2405-org
rec-2406-dup-0,rec-2406-org
rec-2407-dup-0,rec-2407-org
rec-2408-dup-0,rec-2408-org
rec-2409-dup-0,rec-2409-org
rec-2410-dup-0,rec-2410-org
rec-2411-dup-0,rec-2411-org
rec-2412-dup-0,rec-2412-org
rec-2413-dup-0,rec-2413-org
rec-2414-dup-0,rec-2414-org
rec-2415-dup-0,rec-2415-org
rec-2416-dup-0,rec-2416-org
rec-2417-dup-0,rec-2417-org
rec-2418-dup-0,rec-2418-org
rec-2419-dup-0,rec-2419-org
rec-2420-dup-0,rec-2420-org
rec-2421-dup-0,rec-2421-org
rec-2422-dup-0,rec-2422-org
rec-2423-dup-0,rec-2423-org
rec-2424-dup-0,rec-2424-org
rec-2425-dup-0,rec-2425-org
rec-2426-dup-0,rec-2426-org
rec-2427-dup-0,rec-2427-org
rec-2428-dup-0,rec-2428-org
rec-2429-dup-0,rec-2429-org
rec-2430-dup-0,rec-2430-org
rec-2431-dup-0,rec-2431-org
rec-2432-dup-0,rec-2432-org
rec-2433-dup-0,rec-2433-org
rec-2434-dup-0,rec-2434-org
rec-2435-dup-0,rec-2435-org
rec-2436-dup-0,rec-2436-org
rec-2437-dup-0,rec-2437-org
rec-2438-dup-0,rec-2438-org
rec-2439-dup-0,rec-2439-org
rec-2440-dup-0,rec-2440-org
rec-2441-dup-0,rec-2441-org
rec-2442-dup-0,rec-2442-org
rec-2443-dup-0,rec-2443-org
rec-2444-dup-0,rec-2444-org
rec-2445-dup-0,rec-2445-org
rec-2446-dup-0,rec-2446-org
rec-2447-dup-0,rec-2447-org
rec-2448-dup-0,rec-2448-org
rec-2449-dup-0,rec-2449-org
rec-2450-dup-0,rec-2450-org
rec-2451-dup-0,rec-2451-org
rec-2452-dup-0,rec-2452-org
rec-2453-dup-0,rec-2453-org
rec-2454-dup-0,rec-2454-org
rec-2455-dup-0,rec-2455-org
rec-2456-dup-0,rec-2456-org
rec-2457-dup-0,rec-2457-org
rec-2458-dup-0,rec-2458-org
rec-2459-dup-0,rec-2459-org
rec-2460-dup-0,rec-2460-org
rec-2461-dup-0,rec-2461-org
rec-2462-dup-0,rec-2462-org
rec-2463-dup-0,rec-2463-org
rec-2464-dup-0,rec-2464-org
rec-2465-dup-0,rec-2465-org
rec-2466-dup-0,rec-2466-org
rec-2467-dup-0,rec-2467-org
rec-2468-dup-0,rec-2468-org
rec-2469-dup-0,rec-2469-org
rec-2470-dup-0,rec-2470-org
rec-2471-dup-0,rec-2471-org
rec-2472-dup-0,rec-2472-org
rec-2473-dup-0,rec-2473-org
rec-2474-dup-0,rec-2474-org
rec-2475-dup-0,rec-2475-org
rec-2476-dup-0,rec-2476-org
rec-2477-dup-0,rec-2477-org
rec-2478-dup-0,rec-2478-org
rec-2479-dup-0,rec-2479-org
rec-2480-dup-0,rec-2480-org
rec-2481-dup-0,rec-2481-org
rec-2482-dup-0,rec-2482-org
rec-2483-dup-0,rec-2483-org
rec-2484-dup-0,rec-2484-org
rec-2485-dup-0,rec-2485-org
rec-2486-dup-0,rec-2486-org
rec-2487-dup-0,rec-2487-org
rec-2488-dup-0,rec-2488-org
rec-2489-dup-0,rec-2489-org
rec-2490-dup-0,rec-2490-org
rec-2491-dup-0,rec-2491-org
rec-2492-dup-0,rec-2492-org
rec-2493-dup-0,rec-2493-org
rec-2494-dup-0,rec-2494-org
rec-2495-dup-0,rec-2495-org
rec-2496-dup-0,rec-2496-org
rec-2497-dup-0,rec-2497-org
rec-2498-dup-0,rec-2498-org
rec-2499-dup-0,rec-2499-org
